HS 2017,BEC,Relationship
010121,41,n:1
010129,111,n:1
010130,111,n:n
010130,41,n:n
010190,111,n:1
010221,41,n:1
010229,111,n:1
010231,41,n:1
010239,111,n:1
010290,111,n:n
010290,41,n:n
010310,41,n:1
010391,111,n:1
010392,111,n:1
010410,111,n:1
010420,111,n:1
010511,111,n:1
010512,111,n:1
010513,111,n:1
010514,111,n:1
010515,111,n:1
010594,111,n:1
010599,111,n:1
010611,111,n:1
010612,111,n:1
010613,111,n:1
010614,111,n:1
010619,111,n:1
010620,111,n:1
010631,111,n:1
010632,111,n:1
010633,111,n:1
010639,111,n:1
010641,111,n:1
010649,111,n:1
010690,111,n:1
020110,121,n:1
020120,122,n:1
020130,122,n:1
020210,121,n:1
020220,122,n:1
020230,122,n:1
020311,121,n:1
020312,122,n:1
020319,122,n:1
020321,121,n:1
020322,122,n:1
020329,122,n:1
020410,121,n:1
020421,121,n:1
020422,122,n:1
020423,122,n:1
020430,121,n:1
020441,121,n:1
020442,122,n:1
020443,122,n:1
020450,122,n:1
020500,121,n:1
020610,122,n:1
020621,122,n:1
020622,122,n:1
020629,122,n:1
020630,122,n:1
020641,122,n:1
020649,122,n:1
020680,122,n:1
020690,122,n:1
020711,122,n:1
020712,122,n:1
020713,122,n:1
020714,122,n:1
020724,122,n:1
020725,122,n:1
020726,122,n:1
020727,122,n:1
020741,122,n:1
020742,122,n:1
020743,122,n:1
020744,122,n:1
020745,122,n:1
020751,122,n:1
020752,122,n:1
020753,122,n:1
020754,122,n:1
020755,122,n:1
020760,122,n:1
020810,122,n:1
020830,122,n:1
020840,122,n:1
020850,122,n:1
020860,122,n:1
020890,122,n:1
020910,121,n:1
020990,121,n:1
021011,122,n:1
021012,122,n:1
021019,122,n:1
021020,122,n:1
021091,122,n:1
021092,122,n:1
021093,122,n:1
021099,122,n:1
030111,63,n:1
030119,63,n:1
030191,112,n:1
030192,112,n:1
030193,112,n:1
030194,112,n:1
030195,112,n:1
030199,112,n:1
030211,112,n:1
030213,112,n:1
030214,112,n:1
030219,112,n:1
030221,112,n:1
030222,112,n:1
030223,112,n:1
030224,112,n:1
030229,112,n:1
030231,112,n:1
030232,112,n:1
030233,112,n:1
030234,112,n:1
030235,112,n:1
030236,112,n:1
030239,112,n:1
030241,112,n:1
030242,112,n:1
030243,112,n:1
030244,112,n:1
030245,112,n:1
030246,112,n:1
030247,112,n:1
030249,112,n:1
030251,112,n:1
030252,112,n:1
030253,112,n:1
030254,112,n:1
030255,112,n:1
030256,112,n:1
030259,112,n:1
030271,112,n:1
030272,112,n:1
030273,112,n:1
030274,112,n:1
030279,112,n:1
030281,112,n:1
030282,112,n:1
030283,112,n:1
030284,112,n:1
030285,112,n:1
030289,112,n:1
030291,122,n:1
030292,112,n:1
030299,112,n:1
030311,122,n:1
030312,122,n:1
030313,122,n:1
030314,122,n:1
030319,122,n:1
030323,122,n:1
030324,122,n:1
030325,122,n:1
030326,122,n:1
030329,122,n:1
030331,122,n:1
030332,122,n:1
030333,122,n:1
030334,122,n:1
030339,122,n:1
030341,122,n:1
030342,122,n:1
030343,122,n:1
030344,122,n:1
030345,122,n:1
030346,122,n:1
030349,122,n:1
030351,122,n:1
030353,122,n:1
030354,122,n:1
030355,122,n:1
030356,122,n:1
030357,122,n:1
030359,122,n:1
030363,122,n:1
030364,122,n:1
030365,122,n:1
030366,122,n:1
030367,122,n:1
030368,122,n:1
030369,122,n:1
030381,122,n:1
030382,122,n:1
030383,122,n:1
030384,122,n:1
030389,122,n:1
030391,122,n:1
030392,122,n:1
030399,122,n:1
030431,122,n:1
030432,122,n:1
030433,122,n:1
030439,122,n:1
030441,122,n:1
030442,122,n:1
030443,122,n:1
030444,122,n:1
030445,122,n:1
030446,122,n:1
030447,122,n:1
030448,122,n:1
030449,122,n:1
030451,122,n:1
030452,122,n:1
030453,122,n:1
030454,122,n:1
030455,122,n:1
030456,122,n:1
030457,122,n:1
030459,122,n:1
030461,122,n:1
030462,122,n:1
030463,122,n:1
030469,122,n:1
030471,122,n:1
030472,122,n:1
030473,122,n:1
030474,122,n:1
030475,122,n:1
030479,122,n:1
030481,122,n:1
030482,122,n:1
030483,122,n:1
030484,122,n:1
030485,122,n:1
030486,122,n:1
030487,122,n:1
030488,122,n:1
030489,122,n:1
030491,122,n:1
030492,122,n:1
030493,122,n:1
030494,122,n:1
030495,122,n:1
030496,122,n:1
030497,122,n:1
030499,122,n:1
030510,121,n:1
030520,122,n:1
030531,122,n:1
030532,122,n:1
030539,122,n:1
030541,122,n:1
030542,122,n:1
030543,122,n:1
030544,122,n:1
030549,122,n:1
030551,112,n:1
030552,112,n:1
030553,112,n:1
030554,112,n:1
030559,112,n:1
030561,112,n:1
030562,112,n:1
030563,112,n:1
030564,112,n:1
030569,112,n:1
030571,112,n:n
030571,122,n:n
030572,112,n:n
030572,122,n:n
030579,112,n:n
030579,122,n:n
030611,112,n:n
030611,122,n:n
030612,112,n:n
030612,122,n:n
030614,112,n:n
030614,122,n:n
030615,112,n:n
030615,122,n:n
030616,112,n:n
030616,122,n:n
030617,112,n:n
030617,122,n:n
030619,112,n:n
030619,122,n:n
030631,112,n:n
030631,122,n:n
030632,112,n:n
030632,122,n:n
030633,112,n:n
030633,122,n:n
030634,122,n:1
030635,112,n:n
030635,122,n:n
030636,112,n:n
030636,122,n:n
030639,122,n:1
030691,112,n:n
030691,122,n:n
030692,112,n:n
030692,122,n:n
030693,112,n:n
030693,122,n:n
030694,122,n:1
030695,112,n:n
030695,122,n:n
030699,122,n:1
030711,112,n:1
030712,112,n:n
030712,122,n:n
030719,112,n:n
030719,122,n:n
030721,112,n:1
030722,112,n:n
030722,122,n:n
030729,112,n:n
030729,122,n:n
030731,112,n:1
030732,112,n:n
030732,122,n:n
030739,112,n:n
030739,122,n:n
030742,112,n:1
030743,112,n:n
030743,122,n:n
030749,112,n:n
030749,122,n:n
030751,112,n:1
030752,112,n:n
030752,122,n:n
030759,112,n:n
030759,122,n:n
030760,122,n:1
030771,112,n:1
030772,112,n:n
030772,122,n:n
030779,112,n:n
030779,122,n:n
030781,112,n:1
030782,112,n:1
030783,112,n:n
030783,122,n:n
030784,112,n:n
030784,122,n:n
030787,112,n:n
030787,122,n:n
030788,112,n:n
030788,122,n:n
030791,112,n:1
030792,112,n:n
030792,122,n:n
030799,112,n:n
030799,122,n:n
030811,112,n:1
030812,112,n:n
030812,122,n:n
030819,112,n:n
030819,122,n:n
030821,112,n:1
030822,112,n:n
030822,122,n:n
030829,112,n:n
030829,122,n:n
030830,112,n:n
030830,122,n:n
030890,112,n:n
030890,122,n:n
040110,112,n:1
040120,112,n:1
040140,112,n:1
040150,112,n:1
040210,121,n:1
040221,122,n:1
040229,122,n:1
040291,122,n:1
040299,122,n:1
040310,112,n:1
040390,112,n:1
040410,121,n:1
040490,121,n:1
040510,122,n:1
040520,122,n:1
040590,122,n:1
040610,122,n:1
040620,122,n:1
040630,122,n:1
040640,122,n:1
040690,122,n:1
040711,112,n:1
040719,112,n:1
040721,112,n:1
040729,112,n:1
040790,112,n:1
040811,121,n:1
040819,121,n:1
040891,121,n:1
040899,121,n:1
040900,112,n:1
041000,122,n:1
050100,21,n:1
050210,21,n:1
050290,21,n:1
050400,21,n:1
050510,21,n:1
050590,21,n:1
050610,21,n:1
050690,21,n:1
050710,21,n:1
050790,21,n:1
050800,21,n:1
051000,21,n:1
051110,21,n:1
051191,21,n:1
051199,21,n:1
060110,21,n:1
060120,21,n:1
060210,21,n:1
060220,21,n:1
060230,21,n:1
060240,21,n:1
060290,21,n:1
060311,63,n:1
060312,63,n:1
060313,63,n:1
060314,63,n:1
060315,63,n:1
060319,63,n:1
060390,63,n:1
060420,21,n:1
060490,21,n:1
070110,21,n:1
070190,112,n:1
070200,112,n:1
070310,112,n:1
070320,112,n:1
070390,112,n:1
070410,112,n:1
070420,112,n:1
070490,112,n:1
070511,112,n:1
070519,112,n:1
070521,112,n:1
070529,112,n:1
070610,112,n:1
070690,112,n:1
070700,112,n:1
070810,112,n:1
070820,112,n:1
070890,112,n:1
070920,112,n:1
070930,112,n:1
070940,112,n:1
070951,112,n:1
070959,112,n:1
070960,112,n:1
070970,112,n:1
070991,112,n:1
070992,112,n:1
070993,112,n:1
070999,112,n:1
071010,112,n:1
071021,112,n:1
071022,112,n:1
071029,112,n:1
071030,112,n:1
071040,112,n:1
071080,112,n:1
071090,112,n:1
071120,122,n:1
071140,122,n:1
071151,122,n:1
071159,122,n:1
071190,122,n:1
071220,122,n:1
071231,122,n:1
071232,122,n:1
071233,122,n:1
071239,122,n:1
071290,122,n:1
071310,112,n:1
071320,112,n:1
071331,112,n:1
071332,112,n:1
071333,112,n:1
071334,112,n:1
071335,112,n:1
071339,112,n:1
071340,112,n:1
071350,112,n:1
071360,112,n:1
071390,112,n:1
071410,112,n:1
071420,112,n:1
071430,112,n:1
071440,112,n:1
071450,112,n:1
071490,112,n:1
080111,111,n:1
080112,111,n:1
080119,111,n:1
080121,112,n:1
080122,112,n:1
080131,112,n:1
080132,112,n:1
080211,112,n:1
080212,112,n:1
080221,112,n:1
080222,112,n:1
080231,112,n:1
080232,112,n:1
080241,112,n:1
080242,112,n:1
080251,112,n:1
080252,112,n:1
080261,112,n:1
080262,112,n:1
080270,112,n:1
080280,112,n:1
080290,112,n:1
080310,112,n:1
080390,112,n:1
080410,112,n:1
080420,112,n:1
080430,112,n:1
080440,112,n:1
080450,112,n:1
080510,112,n:1
080521,112,n:1
080522,112,n:1
080529,112,n:1
080540,112,n:1
080550,112,n:1
080590,112,n:1
080610,112,n:1
080620,112,n:1
080711,112,n:1
080719,112,n:1
080720,112,n:1
080810,112,n:1
080830,112,n:1
080840,112,n:1
080910,112,n:1
080921,112,n:1
080929,112,n:1
080930,112,n:1
080940,112,n:1
081010,112,n:1
081020,112,n:1
081030,112,n:1
081040,112,n:1
081050,112,n:1
081060,112,n:1
081070,112,n:1
081090,112,n:1
081110,112,n:1
081120,112,n:1
081190,112,n:1
081210,111,n:1
081290,111,n:1
081310,112,n:1
081320,112,n:1
081330,112,n:1
081340,112,n:1
081350,112,n:1
081400,111,n:1
090111,111,n:1
090112,111,n:1
090121,122,n:1
090122,122,n:1
090190,122,n:1
090210,112,n:1
090220,112,n:1
090230,112,n:1
090240,112,n:1
090300,112,n:1
090411,112,n:1
090412,112,n:1
090421,112,n:1
090422,112,n:1
090510,112,n:1
090520,112,n:1
090611,112,n:1
090619,112,n:1
090620,112,n:1
090710,112,n:1
090720,112,n:1
090811,112,n:1
090812,112,n:1
090821,112,n:1
090822,112,n:1
090831,112,n:1
090832,112,n:1
090921,112,n:1
090922,112,n:1
090931,112,n:1
090932,112,n:1
090961,112,n:1
090962,112,n:1
091011,112,n:1
091012,112,n:1
091020,112,n:1
091030,112,n:1
091091,112,n:1
091099,112,n:1
100111,111,n:1
100119,111,n:1
100191,111,n:1
100199,111,n:1
100210,111,n:1
100290,111,n:1
100310,111,n:1
100390,111,n:1
100410,21,n:1
100490,21,n:1
100510,21,n:1
100590,21,n:1
100610,111,n:1
100620,111,n:1
100630,122,n:1
100640,122,n:1
100710,111,n:1
100790,111,n:1
100810,111,n:1
100821,111,n:1
100829,111,n:1
100830,111,n:1
100840,111,n:1
100850,111,n:1
100860,111,n:1
100890,111,n:1
110100,121,n:1
110220,121,n:1
110290,121,n:1
110311,121,n:1
110313,121,n:1
110319,121,n:1
110320,121,n:1
110412,122,n:1
110419,122,n:1
110422,122,n:1
110423,122,n:1
110429,122,n:1
110430,122,n:1
110510,121,n:1
110520,121,n:1
110610,121,n:1
110620,121,n:1
110630,121,n:1
110710,121,n:1
110720,121,n:1
110811,22,n:1
110812,22,n:1
110813,22,n:1
110814,22,n:1
110819,22,n:1
110820,22,n:1
110900,121,n:1
120110,111,n:1
120190,111,n:1
120230,111,n:1
120241,111,n:1
120242,111,n:1
120300,111,n:1
120400,21,n:1
120510,111,n:1
120590,111,n:1
120600,111,n:1
120710,111,n:n
120710,21,n:n
120721,111,n:1
120729,111,n:1
120730,111,n:n
120730,21,n:n
120740,111,n:1
120750,111,n:1
120760,111,n:n
120760,21,n:n
120770,111,n:n
120770,21,n:n
120791,111,n:1
120799,111,n:n
120799,21,n:n
120810,121,n:1
120890,121,n:1
120910,21,n:1
120921,21,n:1
120922,21,n:1
120923,21,n:1
120924,21,n:1
120925,21,n:1
120929,21,n:1
120930,21,n:1
120991,21,n:1
120999,21,n:1
121010,111,n:1
121020,111,n:1
121120,122,n:n
121120,21,n:n
121130,21,n:1
121140,21,n:1
121150,21,n:1
121190,122,n:n
121190,21,n:n
121221,21,n:1
121229,21,n:1
121291,111,n:1
121292,111,n:1
121293,111,n:1
121294,111,n:1
121299,111,n:1
121300,21,n:1
121410,21,n:1
121490,21,n:1
130120,21,n:1
130190,21,n:1
130211,21,n:1
130212,21,n:1
130213,21,n:1
130214,21,n:1
130219,21,n:1
130220,21,n:1
130231,22,n:1
130232,22,n:1
130239,22,n:1
140110,21,n:1
140120,21,n:1
140190,21,n:1
140420,21,n:1
140490,21,n:1
150110,22,n:1
150120,22,n:1
150190,22,n:1
150210,22,n:1
150290,22,n:1
150300,22,n:1
150410,22,n:1
150420,121,n:1
150430,121,n:1
150500,22,n:1
150600,22,n:1
150710,121,n:1
150790,122,n:1
150810,121,n:1
150890,122,n:1
150910,122,n:1
150990,122,n:1
151000,121,n:1
151110,121,n:1
151190,121,n:1
151211,121,n:1
151219,122,n:1
151221,121,n:1
151229,121,n:1
151311,121,n:1
151319,121,n:1
151321,121,n:1
151329,121,n:1
151411,121,n:1
151419,122,n:1
151491,121,n:1
151499,122,n:1
151511,22,n:1
151519,22,n:1
151521,121,n:1
151529,122,n:1
151530,22,n:1
151550,121,n:1
151590,22,n:1
151610,121,n:1
151620,121,n:1
151710,122,n:1
151790,122,n:1
151800,22,n:1
152000,22,n:1
152110,22,n:1
152190,22,n:1
152200,21,n:1
160100,122,n:1
160210,122,n:1
160220,122,n:1
160231,122,n:1
160232,122,n:1
160239,122,n:1
160241,122,n:1
160242,122,n:1
160249,122,n:1
160250,122,n:1
160290,122,n:1
160300,121,n:1
160411,122,n:1
160412,122,n:1
160413,122,n:1
160414,122,n:1
160415,122,n:1
160416,122,n:1
160417,122,n:1
160418,122,n:1
160419,122,n:1
160420,122,n:1
160431,122,n:1
160432,122,n:1
160510,122,n:1
160521,122,n:1
160529,122,n:1
160530,122,n:1
160540,122,n:1
160551,122,n:1
160552,122,n:1
160553,122,n:1
160554,122,n:1
160555,122,n:1
160556,122,n:1
160557,122,n:1
160558,122,n:1
160559,122,n:1
160561,122,n:1
160562,122,n:1
160563,122,n:1
160569,122,n:1
170112,121,n:1
170113,121,n:1
170114,121,n:1
170191,121,n:1
170199,122,n:1
170211,121,n:1
170219,121,n:1
170220,122,n:1
170230,121,n:1
170240,121,n:1
170250,121,n:1
170260,121,n:1
170290,121,n:1
170310,121,n:1
170390,121,n:1
170410,122,n:1
170490,122,n:1
180100,111,n:1
180200,21,n:1
180310,121,n:1
180320,121,n:1
180400,121,n:1
180500,121,n:1
180610,122,n:1
180620,121,n:1
180631,122,n:1
180632,122,n:1
180690,122,n:1
190110,122,n:1
190120,122,n:1
190190,121,n:1
190211,122,n:1
190219,122,n:1
190220,122,n:1
190230,122,n:1
190240,122,n:1
190300,121,n:1
190410,122,n:1
190420,122,n:1
190430,122,n:1
190490,122,n:1
190510,122,n:1
190520,122,n:1
190531,122,n:1
190532,122,n:1
190540,122,n:1
190590,122,n:1
200110,122,n:1
200190,122,n:1
200210,122,n:1
200290,122,n:1
200310,122,n:1
200390,122,n:1
200410,122,n:1
200490,122,n:1
200510,122,n:1
200520,122,n:1
200540,122,n:1
200551,122,n:1
200559,122,n:1
200560,122,n:1
200570,122,n:1
200580,122,n:1
200591,122,n:1
200599,122,n:1
200600,122,n:1
200710,122,n:1
200791,122,n:1
200799,122,n:1
200811,122,n:1
200819,122,n:1
200820,122,n:1
200830,122,n:1
200840,122,n:1
200850,122,n:1
200860,122,n:1
200870,122,n:1
200880,122,n:1
200891,122,n:1
200893,122,n:1
200897,122,n:1
200899,122,n:1
200911,122,n:1
200912,122,n:1
200919,122,n:1
200921,122,n:1
200929,122,n:1
200931,122,n:1
200939,122,n:1
200941,122,n:1
200949,122,n:1
200950,122,n:1
200961,122,n:1
200969,122,n:1
200971,122,n:1
200979,122,n:1
200981,122,n:1
200989,122,n:1
200990,122,n:1
210111,122,n:1
210112,122,n:1
210120,122,n:1
210130,122,n:1
210210,121,n:1
210220,121,n:1
210230,121,n:1
210310,122,n:1
210320,122,n:1
210330,122,n:1
210390,122,n:1
210410,122,n:1
210420,122,n:1
210500,122,n:1
210610,122,n:1
210690,122,n:1
220110,122,n:1
220190,122,n:1
220210,122,n:1
220291,122,n:1
220299,122,n:1
220300,122,n:1
220410,122,n:1
220421,122,n:1
220422,122,n:1
220429,122,n:1
220430,121,n:1
220510,122,n:1
220590,122,n:1
220600,122,n:1
220710,22,n:1
220720,22,n:1
220820,122,n:1
220830,122,n:1
220840,122,n:1
220850,122,n:1
220860,122,n:1
220870,122,n:1
220890,122,n:1
220900,122,n:1
230110,22,n:1
230120,22,n:1
230210,121,n:1
230230,121,n:1
230240,121,n:1
230250,121,n:1
230310,21,n:1
230320,21,n:1
230330,21,n:1
230400,22,n:1
230500,22,n:1
230610,22,n:1
230620,22,n:1
230630,22,n:1
230641,22,n:1
230649,22,n:1
230650,22,n:1
230660,22,n:1
230690,22,n:1
230700,121,n:1
230800,21,n:1
230910,63,n:1
230990,22,n:1
240110,21,n:1
240120,21,n:1
240130,21,n:1
240210,63,n:1
240220,63,n:1
240290,63,n:1
240311,63,n:1
240319,63,n:1
240391,63,n:1
240399,22,n:1
250100,21,n:1
250200,21,n:1
250300,21,n:1
250410,21,n:1
250490,21,n:1
250510,21,n:1
250590,21,n:1
250610,21,n:1
250620,21,n:1
250700,21,n:1
250810,21,n:1
250830,21,n:1
250840,21,n:1
250850,21,n:1
250860,21,n:1
250870,21,n:1
250900,21,n:1
251010,21,n:1
251020,21,n:1
251110,21,n:1
251120,21,n:1
251200,21,n:1
251310,21,n:1
251320,21,n:1
251400,21,n:1
251511,21,n:1
251512,21,n:1
251520,21,n:1
251611,21,n:1
251612,21,n:1
251620,21,n:1
251690,21,n:1
251710,21,n:1
251720,21,n:1
251730,21,n:1
251741,21,n:1
251749,21,n:1
251810,21,n:1
251820,21,n:1
251830,21,n:1
251910,21,n:1
251990,21,n:1
252010,21,n:1
252020,22,n:1
252100,21,n:1
252210,22,n:1
252220,22,n:1
252230,22,n:1
252310,22,n:1
252321,22,n:1
252329,22,n:1
252330,22,n:1
252390,22,n:1
252410,21,n:1
252490,21,n:1
252510,21,n:1
252520,21,n:1
252530,21,n:1
252610,21,n:1
252620,21,n:1
252800,21,n:1
252910,21,n:1
252921,21,n:1
252922,21,n:1
252930,21,n:1
253010,21,n:1
253020,21,n:1
253090,21,n:1
260111,21,n:1
260112,21,n:1
260120,21,n:1
260200,21,n:1
260300,21,n:1
260400,21,n:1
260500,21,n:1
260600,21,n:1
260700,21,n:1
260800,21,n:1
260900,21,n:1
261000,21,n:1
261100,21,n:1
261210,21,n:1
261220,21,n:1
261310,21,n:1
261390,21,n:1
261400,21,n:1
261510,21,n:1
261590,21,n:1
261610,21,n:1
261690,21,n:1
261710,21,n:1
261790,21,n:1
261800,21,n:1
261900,21,n:1
262011,21,n:1
262019,21,n:1
262021,21,n:1
262029,21,n:1
262030,21,n:1
262040,21,n:1
262060,21,n:1
262091,21,n:1
262099,21,n:1
262110,21,n:1
262190,21,n:1
270111,31,n:1
270112,31,n:1
270119,31,n:1
270120,322,n:1
270210,31,n:1
270220,322,n:1
270300,31,n:1
270400,322,n:1
270500,322,n:1
270600,22,n:1
270710,22,n:1
270720,22,n:1
270730,22,n:1
270740,22,n:1
270750,22,n:1
270791,22,n:1
270799,22,n:1
270810,22,n:1
270820,22,n:1
270900,31,n:1
271012,32,n:1
271019,32,n:1
271020,32,n:1
271091,21,n:1
271099,21,n:1
271111,322,n:1
271112,322,n:1
271113,322,n:1
271114,322,n:1
271119,322,n:1
271121,31,n:1
271129,31,n:1
271210,22,n:1
271220,22,n:1
271290,22,n:1
271311,22,n:1
271312,22,n:1
271320,22,n:1
271390,22,n:1
271410,21,n:1
271490,21,n:1
271500,22,n:1
271600,322,n:1
280110,22,n:1
280120,22,n:1
280130,22,n:1
280200,22,n:1
280300,22,n:1
280410,22,n:1
280421,22,n:1
280429,22,n:1
280430,22,n:1
280440,22,n:1
280450,22,n:1
280461,22,n:1
280469,22,n:1
280470,22,n:1
280480,22,n:1
280490,22,n:1
280511,22,n:1
280512,22,n:1
280519,22,n:1
280530,22,n:1
280540,22,n:1
280610,22,n:1
280620,22,n:1
280700,22,n:1
280800,22,n:1
280910,22,n:1
280920,22,n:1
281000,22,n:1
281111,22,n:1
281112,22,n:1
281119,22,n:1
281121,22,n:1
281122,22,n:1
281129,22,n:1
281211,22,n:1
281212,22,n:1
281213,22,n:1
281214,22,n:1
281215,22,n:1
281216,22,n:1
281217,22,n:1
281219,22,n:1
281290,22,n:1
281310,22,n:1
281390,22,n:1
281410,22,n:1
281420,22,n:1
281511,22,n:1
281512,22,n:1
281520,22,n:1
281530,22,n:1
281610,22,n:1
281640,22,n:1
281700,22,n:1
281810,22,n:1
281820,22,n:1
281830,22,n:1
281910,22,n:1
281990,22,n:1
282010,22,n:1
282090,22,n:1
282110,22,n:1
282120,22,n:1
282200,22,n:1
282300,22,n:1
282410,22,n:1
282490,22,n:1
282510,22,n:1
282520,22,n:1
282530,22,n:1
282540,22,n:1
282550,22,n:1
282560,22,n:1
282570,22,n:1
282580,22,n:1
282590,22,n:1
282612,22,n:1
282619,22,n:1
282630,22,n:1
282690,22,n:1
282710,22,n:1
282720,22,n:1
282731,22,n:1
282732,22,n:1
282735,22,n:1
282739,22,n:1
282741,22,n:1
282749,22,n:1
282751,22,n:1
282759,22,n:1
282760,22,n:1
282810,22,n:1
282890,22,n:1
282911,22,n:1
282919,22,n:1
282990,22,n:1
283010,22,n:1
283090,22,n:1
283110,22,n:1
283190,22,n:1
283210,22,n:1
283220,22,n:1
283230,22,n:1
283311,22,n:1
283319,22,n:1
283321,22,n:1
283322,22,n:1
283324,22,n:1
283325,22,n:1
283327,22,n:1
283329,22,n:1
283330,22,n:1
283340,22,n:1
283410,22,n:1
283421,22,n:1
283429,22,n:1
283510,22,n:1
283522,22,n:1
283524,22,n:1
283525,22,n:1
283526,22,n:1
283529,22,n:1
283531,22,n:1
283539,22,n:1
283620,22,n:1
283630,22,n:1
283640,22,n:1
283650,22,n:1
283660,22,n:1
283691,22,n:1
283692,22,n:1
283699,22,n:1
283711,22,n:1
283719,22,n:1
283720,22,n:1
283911,22,n:1
283919,22,n:1
283990,22,n:1
284011,22,n:1
284019,22,n:1
284020,22,n:1
284030,22,n:1
284130,22,n:1
284150,22,n:1
284161,22,n:1
284169,22,n:1
284170,22,n:1
284180,22,n:1
284190,22,n:1
284210,22,n:1
284290,22,n:1
284310,22,n:1
284321,22,n:1
284329,22,n:1
284330,22,n:1
284390,22,n:1
284410,22,n:1
284420,22,n:1
284430,22,n:1
284440,22,n:1
284450,21,n:1
284510,22,n:1
284590,22,n:1
284610,22,n:1
284690,22,n:1
284700,22,n:1
284910,22,n:1
284920,22,n:1
284990,22,n:1
285000,22,n:1
285210,22,n:1
285290,22,n:1
285310,22,n:1
285390,22,n:1
290110,22,n:1
290121,22,n:1
290122,22,n:1
290123,22,n:1
290124,22,n:1
290129,22,n:1
290211,22,n:1
290219,22,n:1
290220,22,n:1
290230,22,n:1
290241,22,n:1
290242,22,n:1
290243,22,n:1
290244,22,n:1
290250,22,n:1
290260,22,n:1
290270,22,n:1
290290,22,n:1
290311,22,n:1
290312,22,n:1
290313,22,n:1
290314,22,n:1
290315,22,n:1
290319,22,n:1
290321,22,n:1
290322,22,n:1
290323,22,n:1
290329,22,n:1
290331,22,n:1
290339,22,n:1
290371,22,n:1
290372,22,n:1
290373,22,n:1
290374,22,n:1
290375,22,n:1
290376,22,n:1
290377,22,n:1
290378,22,n:1
290379,22,n:1
290381,22,n:1
290382,22,n:1
290383,22,n:1
290389,22,n:1
290391,22,n:1
290392,22,n:1
290393,22,n:1
290394,22,n:1
290399,22,n:1
290410,22,n:1
290420,22,n:1
290431,22,n:1
290432,22,n:1
290433,22,n:1
290434,22,n:1
290435,22,n:1
290436,22,n:1
290491,22,n:1
290499,22,n:1
290511,22,n:1
290512,22,n:1
290513,22,n:1
290514,22,n:1
290516,22,n:1
290517,22,n:1
290519,22,n:1
290522,22,n:1
290529,22,n:1
290531,22,n:1
290532,22,n:1
290539,22,n:1
290541,22,n:1
290542,22,n:1
290543,22,n:1
290544,22,n:1
290545,22,n:1
290549,22,n:1
290551,22,n:1
290559,22,n:1
290611,22,n:1
290612,22,n:1
290613,22,n:1
290619,22,n:1
290621,22,n:1
290629,22,n:1
290711,22,n:1
290712,22,n:1
290713,22,n:1
290715,22,n:1
290719,22,n:1
290721,22,n:1
290722,22,n:1
290723,22,n:1
290729,22,n:1
290811,22,n:1
290819,22,n:1
290891,22,n:1
290892,22,n:1
290899,22,n:1
290911,22,n:1
290919,22,n:1
290920,22,n:1
290930,22,n:1
290941,22,n:1
290943,22,n:1
290944,22,n:1
290949,22,n:1
290950,22,n:1
290960,22,n:1
291010,22,n:1
291020,22,n:1
291030,22,n:1
291040,22,n:1
291050,22,n:1
291090,22,n:1
291100,22,n:1
291211,22,n:1
291212,22,n:1
291219,22,n:1
291221,22,n:1
291229,22,n:1
291241,22,n:1
291242,22,n:1
291249,22,n:1
291250,22,n:1
291260,22,n:1
291300,22,n:1
291411,22,n:1
291412,22,n:1
291413,22,n:1
291419,22,n:1
291422,22,n:1
291423,22,n:1
291429,22,n:1
291431,22,n:1
291439,22,n:1
291440,22,n:1
291450,22,n:1
291461,22,n:1
291462,22,n:1
291469,22,n:1
291471,22,n:1
291479,22,n:1
291511,22,n:1
291512,22,n:1
291513,22,n:1
291521,22,n:1
291524,22,n:1
291529,22,n:1
291531,22,n:1
291532,22,n:1
291533,22,n:1
291536,22,n:1
291539,22,n:1
291540,22,n:1
291550,22,n:1
291560,22,n:1
291570,22,n:1
291590,22,n:1
291611,22,n:1
291612,22,n:1
291613,22,n:1
291614,22,n:1
291615,22,n:1
291616,22,n:1
291619,22,n:1
291620,22,n:1
291631,22,n:1
291632,22,n:1
291634,22,n:1
291639,22,n:1
291711,22,n:1
291712,22,n:1
291713,22,n:1
291714,22,n:1
291719,22,n:1
291720,22,n:1
291732,22,n:1
291733,22,n:1
291734,22,n:1
291735,22,n:1
291736,22,n:1
291737,22,n:1
291739,22,n:1
291811,22,n:1
291812,22,n:1
291813,22,n:1
291814,22,n:1
291815,22,n:1
291816,22,n:1
291817,22,n:1
291818,22,n:1
291819,22,n:1
291821,22,n:1
291822,22,n:1
291823,22,n:1
291829,22,n:1
291830,22,n:1
291891,22,n:1
291899,22,n:1
291910,22,n:1
291990,22,n:1
292011,22,n:1
292019,22,n:1
292021,22,n:1
292022,22,n:1
292023,22,n:1
292024,22,n:1
292029,22,n:1
292030,22,n:1
292090,22,n:1
292111,22,n:1
292112,22,n:1
292113,22,n:1
292114,22,n:1
292119,22,n:1
292121,22,n:1
292122,22,n:1
292129,22,n:1
292130,22,n:1
292141,22,n:1
292142,22,n:1
292143,22,n:1
292144,22,n:1
292145,22,n:1
292146,22,n:1
292149,22,n:1
292151,22,n:1
292159,22,n:1
292211,22,n:1
292212,22,n:1
292214,22,n:1
292215,22,n:1
292216,22,n:1
292217,22,n:1
292218,22,n:1
292219,22,n:1
292221,22,n:1
292229,22,n:1
292231,22,n:1
292239,22,n:1
292241,22,n:1
292242,22,n:1
292243,22,n:1
292244,22,n:1
292249,22,n:1
292250,22,n:1
292310,22,n:1
292320,22,n:1
292330,22,n:1
292340,22,n:1
292390,22,n:1
292411,22,n:1
292412,22,n:1
292419,22,n:1
292421,22,n:1
292423,22,n:1
292424,22,n:1
292425,22,n:1
292429,22,n:1
292511,22,n:1
292512,22,n:1
292519,22,n:1
292521,22,n:1
292529,22,n:1
292610,22,n:1
292620,22,n:1
292630,22,n:1
292640,22,n:1
292690,22,n:1
292700,22,n:1
292800,22,n:1
292910,22,n:1
292990,22,n:1
293020,22,n:1
293030,22,n:1
293040,22,n:1
293060,22,n:1
293070,22,n:1
293080,22,n:1
293090,22,n:1
293110,22,n:1
293120,22,n:1
293131,22,n:1
293132,22,n:1
293133,22,n:1
293134,22,n:1
293135,22,n:1
293136,22,n:1
293137,22,n:1
293138,22,n:1
293139,22,n:1
293190,22,n:1
293211,22,n:1
293212,22,n:1
293213,22,n:1
293214,22,n:1
293219,22,n:1
293220,22,n:1
293291,22,n:1
293292,22,n:1
293293,22,n:1
293294,22,n:1
293295,22,n:1
293299,22,n:1
293311,22,n:1
293319,22,n:1
293321,22,n:1
293329,22,n:1
293331,22,n:1
293332,22,n:1
293333,22,n:1
293339,22,n:1
293341,22,n:1
293349,22,n:1
293352,22,n:1
293353,22,n:1
293354,22,n:1
293355,22,n:1
293359,22,n:1
293361,22,n:1
293369,22,n:1
293371,22,n:1
293372,22,n:1
293379,22,n:1
293391,22,n:1
293392,22,n:1
293399,22,n:1
293410,22,n:1
293420,22,n:1
293430,22,n:1
293491,22,n:1
293499,22,n:1
293510,22,n:1
293520,22,n:1
293530,22,n:1
293540,22,n:1
293550,22,n:1
293590,22,n:1
293621,22,n:1
293622,22,n:1
293623,22,n:1
293624,22,n:1
293625,22,n:1
293626,22,n:1
293627,22,n:1
293628,22,n:1
293629,22,n:1
293690,22,n:1
293711,22,n:1
293712,22,n:1
293719,22,n:1
293721,22,n:1
293722,22,n:1
293723,22,n:1
293729,22,n:1
293750,22,n:1
293790,22,n:1
293810,22,n:1
293890,22,n:1
293911,22,n:1
293919,22,n:1
293920,22,n:1
293930,22,n:1
293941,22,n:1
293942,22,n:1
293943,22,n:1
293944,22,n:1
293949,22,n:1
293951,22,n:1
293959,22,n:1
293961,22,n:1
293962,22,n:1
293963,22,n:1
293969,22,n:1
293971,22,n:1
293979,22,n:1
293980,22,n:1
294000,22,n:1
294110,22,n:1
294120,22,n:1
294130,22,n:1
294140,22,n:1
294150,22,n:1
294190,22,n:1
294200,22,n:1
300120,22,n:1
300190,22,n:1
300211,22,n:1
300212,22,n:1
300213,22,n:1
300214,22,n:1
300215,22,n:1
300219,22,n:1
300220,22,n:1
300230,22,n:1
300290,22,n:1
300310,22,n:1
300320,22,n:1
300331,22,n:1
300339,22,n:1
300341,22,n:1
300342,22,n:1
300343,22,n:1
300349,22,n:1
300360,22,n:1
300390,22,n:1
300410,63,n:1
300420,63,n:1
300431,63,n:1
300432,63,n:1
300439,63,n:1
300441,63,n:1
300442,63,n:1
300443,63,n:1
300449,63,n:1
300450,63,n:1
300460,63,n:1
300490,63,n:1
300510,22,n:1
300590,22,n:1
300610,22,n:1
300620,22,n:1
300630,22,n:1
300640,22,n:1
300650,22,n:1
300660,63,n:1
300670,22,n:1
300691,62,n:1
300692,21,n:1
310100,21,n:1
310210,22,n:1
310221,22,n:1
310229,22,n:1
310230,22,n:1
310240,22,n:1
310250,21,n:1
310260,22,n:1
310280,22,n:1
310290,22,n:1
310311,22,n:1
310319,22,n:1
310390,22,n:1
310420,22,n:1
310430,22,n:1
310490,21,n:n
310490,22,n:n
310510,22,n:1
310520,22,n:1
310530,22,n:1
310540,22,n:1
310551,22,n:1
310559,22,n:1
310560,22,n:1
310590,22,n:1
320110,22,n:1
320120,22,n:1
320190,22,n:1
320210,22,n:1
320290,22,n:1
320300,22,n:1
320411,22,n:1
320412,22,n:1
320413,22,n:1
320414,22,n:1
320415,22,n:1
320416,22,n:1
320417,22,n:1
320419,22,n:1
320420,22,n:1
320490,22,n:1
320500,22,n:1
320611,22,n:1
320619,22,n:1
320620,22,n:1
320641,22,n:1
320642,22,n:1
320649,22,n:1
320650,22,n:1
320710,22,n:1
320720,22,n:1
320730,22,n:1
320740,22,n:1
320810,22,n:1
320820,22,n:1
320890,22,n:1
320910,22,n:1
320990,22,n:1
321000,22,n:1
321100,22,n:1
321210,22,n:1
321290,22,n:1
321310,63,n:1
321390,63,n:1
321410,22,n:1
321490,22,n:1
321511,22,n:1
321519,22,n:1
321590,22,n:1
330112,22,n:1
330113,22,n:1
330119,22,n:1
330124,22,n:1
330125,22,n:1
330129,22,n:1
330130,22,n:1
330190,22,n:1
330210,22,n:1
330290,22,n:1
330300,63,n:1
330410,63,n:1
330420,63,n:1
330430,63,n:1
330491,63,n:1
330499,63,n:1
330510,63,n:1
330520,63,n:1
330530,63,n:1
330590,63,n:1
330610,63,n:1
330620,63,n:1
330690,63,n:1
330710,63,n:1
330720,63,n:1
330730,63,n:1
330741,63,n:1
330749,63,n:1
330790,63,n:1
340111,63,n:1
340119,63,n:1
340120,63,n:1
340130,63,n:1
340211,22,n:1
340212,22,n:1
340213,22,n:1
340219,22,n:1
340220,63,n:1
340290,22,n:1
340311,322,n:1
340319,322,n:1
340391,322,n:1
340399,322,n:1
340420,22,n:1
340490,22,n:1
340510,63,n:1
340520,63,n:1
340530,63,n:1
340540,63,n:1
340590,63,n:1
340600,63,n:1
340700,22,n:1
350110,22,n:1
350190,22,n:1
350211,111,n:1
350219,111,n:1
350220,22,n:1
350290,22,n:1
350300,22,n:1
350400,22,n:1
350510,22,n:1
350520,22,n:1
350610,63,n:1
350691,22,n:1
350699,22,n:1
350710,121,n:1
350790,22,n:1
360100,22,n:1
360200,22,n:1
360300,22,n:1
360410,22,n:1
360490,22,n:1
360500,63,n:1
360610,63,n:1
360690,22,n:1
370110,22,n:1
370120,22,n:1
370130,22,n:1
370191,22,n:1
370199,22,n:1
370210,22,n:1
370231,22,n:1
370232,22,n:1
370239,22,n:1
370241,22,n:1
370242,22,n:1
370243,22,n:1
370244,22,n:1
370252,63,n:1
370253,63,n:1
370254,63,n:1
370255,22,n:1
370256,22,n:1
370296,63,n:1
370297,22,n:n
370297,63,n:n
370298,22,n:1
370310,22,n:1
370320,22,n:1
370390,22,n:1
370400,22,n:1
370500,22,n:1
370610,22,n:1
370690,22,n:1
370710,22,n:1
370790,22,n:1
380110,22,n:1
380120,22,n:1
380130,22,n:1
380190,22,n:1
380210,22,n:1
380290,22,n:1
380300,22,n:1
380400,22,n:1
380510,22,n:1
380590,22,n:1
380610,22,n:1
380620,22,n:1
380630,22,n:1
380690,22,n:1
380700,22,n:1
380852,63,n:1
380859,63,n:1
380861,63,n:1
380862,63,n:1
380869,63,n:1
380891,63,n:1
380892,63,n:1
380893,63,n:1
380894,63,n:1
380899,63,n:1
380910,22,n:1
380991,22,n:1
380992,22,n:1
380993,22,n:1
381010,22,n:1
381090,22,n:1
381111,22,n:1
381119,22,n:1
381121,22,n:1
381129,22,n:1
381190,22,n:1
381210,22,n:1
381220,22,n:1
381231,22,n:1
381239,22,n:1
381300,22,n:1
381400,22,n:1
381511,22,n:1
381512,22,n:1
381519,22,n:1
381590,22,n:1
381600,22,n:1
381700,22,n:1
381800,22,n:1
381900,22,n:1
382000,22,n:1
382100,22,n:1
382200,22,n:1
382311,22,n:1
382312,22,n:1
382313,22,n:1
382319,22,n:1
382370,22,n:1
382410,22,n:1
382430,22,n:1
382440,22,n:1
382450,22,n:1
382460,22,n:1
382471,22,n:1
382472,22,n:1
382473,22,n:1
382474,22,n:1
382475,22,n:1
382476,22,n:1
382477,22,n:1
382478,22,n:1
382479,22,n:1
382481,22,n:1
382482,22,n:1
382483,22,n:1
382484,22,n:1
382485,22,n:1
382486,22,n:1
382487,22,n:1
382488,22,n:1
382491,22,n:1
382499,22,n:1
382510,21,n:1
382520,21,n:1
382530,21,n:1
382541,21,n:1
382549,21,n:1
382550,21,n:1
382561,21,n:1
382569,21,n:1
382590,21,n:1
382600,22,n:1
390110,22,n:1
390120,22,n:1
390130,22,n:1
390140,22,n:1
390190,22,n:1
390210,22,n:1
390220,22,n:1
390230,22,n:1
390290,22,n:1
390311,22,n:1
390319,22,n:1
390320,22,n:1
390330,22,n:1
390390,22,n:1
390410,22,n:1
390421,22,n:1
390422,22,n:1
390430,22,n:1
390440,22,n:1
390450,22,n:1
390461,22,n:1
390469,22,n:1
390490,22,n:1
390512,22,n:1
390519,22,n:1
390521,22,n:1
390529,22,n:1
390530,22,n:1
390591,22,n:1
390599,22,n:1
390610,22,n:1
390690,22,n:1
390710,22,n:1
390720,22,n:1
390730,22,n:1
390740,22,n:1
390750,22,n:1
390761,22,n:1
390769,22,n:1
390770,22,n:1
390791,22,n:1
390799,22,n:1
390810,22,n:1
390890,22,n:1
390910,22,n:1
390920,22,n:1
390931,22,n:1
390939,22,n:1
390940,22,n:1
390950,22,n:1
391000,22,n:1
391110,22,n:1
391190,22,n:1
391211,22,n:1
391212,22,n:1
391220,22,n:1
391231,22,n:1
391239,22,n:1
391290,22,n:1
391310,22,n:1
391390,22,n:1
391400,22,n:1
391510,21,n:1
391520,21,n:1
391530,21,n:1
391590,21,n:1
391610,22,n:1
391620,22,n:1
391690,22,n:1
391710,22,n:1
391721,22,n:1
391722,22,n:1
391723,22,n:1
391729,22,n:1
391731,22,n:1
391732,22,n:1
391733,22,n:1
391739,22,n:1
391740,22,n:1
391810,22,n:1
391890,22,n:1
391910,22,n:1
391990,22,n:1
392010,22,n:1
392020,22,n:1
392030,22,n:1
392043,22,n:1
392049,22,n:1
392051,22,n:1
392059,22,n:1
392061,22,n:1
392062,22,n:1
392063,22,n:1
392069,22,n:1
392071,22,n:1
392073,22,n:1
392079,22,n:1
392091,22,n:1
392092,22,n:1
392093,22,n:1
392094,22,n:1
392099,22,n:1
392111,22,n:1
392112,22,n:1
392113,22,n:1
392114,22,n:1
392119,22,n:1
392190,22,n:1
392210,22,n:1
392220,62,n:1
392290,22,n:1
392310,22,n:1
392321,22,n:1
392329,22,n:1
392330,22,n:1
392340,22,n:1
392350,22,n:1
392390,22,n:1
392410,62,n:1
392490,62,n:1
392510,22,n:1
392520,22,n:1
392530,62,n:1
392590,22,n:1
392610,22,n:1
392620,63,n:1
392630,22,n:1
392640,62,n:1
392690,62,n:1
400110,21,n:1
400121,21,n:1
400122,21,n:1
400129,21,n:1
400130,21,n:1
400211,22,n:1
400219,22,n:1
400220,22,n:1
400231,22,n:1
400239,22,n:1
400241,22,n:1
400249,22,n:1
400251,22,n:1
400259,22,n:1
400260,22,n:1
400270,22,n:1
400280,22,n:1
400291,22,n:1
400299,22,n:1
400300,21,n:1
400400,21,n:1
400510,22,n:1
400520,22,n:1
400591,22,n:1
400599,22,n:1
400610,22,n:1
400690,22,n:1
400700,22,n:1
400811,22,n:1
400819,22,n:1
400821,22,n:1
400829,22,n:1
400911,22,n:1
400912,22,n:1
400921,22,n:1
400922,22,n:1
400931,22,n:1
400932,22,n:1
400941,22,n:1
400942,22,n:1
401011,42,n:1
401012,42,n:1
401019,42,n:1
401031,42,n:1
401032,42,n:1
401033,42,n:1
401034,42,n:1
401035,42,n:1
401036,42,n:1
401039,42,n:1
401110,53,n:1
401120,53,n:1
401130,53,n:1
401140,53,n:1
401150,53,n:1
401170,53,n:1
401180,53,n:1
401190,53,n:1
401211,53,n:1
401212,53,n:1
401213,53,n:1
401219,53,n:1
401220,53,n:1
401290,53,n:1
401310,53,n:1
401320,53,n:1
401390,53,n:1
401410,63,n:1
401490,22,n:1
401511,22,n:1
401519,63,n:1
401590,63,n:1
401610,63,n:1
401691,63,n:1
401692,63,n:1
401693,22,n:1
401694,22,n:1
401695,63,n:1
401699,22,n:1
401700,22,n:1
410120,21,n:1
410150,21,n:1
410190,21,n:1
410210,21,n:1
410221,21,n:1
410229,21,n:1
410320,21,n:1
410330,21,n:1
410390,21,n:1
410411,22,n:1
410419,22,n:1
410441,22,n:1
410449,22,n:1
410510,22,n:1
410530,22,n:1
410621,22,n:1
410622,22,n:1
410631,22,n:1
410632,22,n:1
410640,22,n:1
410691,22,n:1
410692,22,n:1
410711,22,n:1
410712,22,n:1
410719,22,n:1
410791,22,n:1
410792,22,n:1
410799,22,n:1
411200,22,n:1
411310,22,n:1
411320,22,n:1
411330,22,n:1
411390,22,n:1
411410,22,n:1
411420,22,n:1
411510,22,n:1
411520,21,n:1
420100,62,n:1
420211,62,n:1
420212,62,n:1
420219,62,n:1
420221,62,n:1
420222,62,n:1
420229,62,n:1
420231,62,n:1
420232,62,n:1
420239,62,n:1
420291,62,n:1
420292,62,n:1
420299,62,n:1
420310,62,n:1
420321,62,n:1
420329,62,n:1
420330,62,n:1
420340,62,n:1
420500,42,n:n
420500,62,n:n
420600,22,n:1
430110,21,n:1
430130,21,n:1
430160,21,n:1
430180,21,n:1
430190,21,n:1
430211,22,n:1
430219,22,n:1
430220,22,n:1
430230,22,n:1
430310,62,n:1
430390,62,n:1
430400,62,n:1
440111,31,n:1
440112,31,n:1
440121,21,n:1
440122,21,n:1
440131,21,n:1
440139,21,n:1
440140,21,n:1
440210,322,n:1
440290,322,n:1
440311,21,n:1
440312,21,n:1
440321,21,n:1
440322,21,n:1
440323,21,n:1
440324,21,n:1
440325,21,n:1
440326,21,n:1
440341,21,n:1
440349,21,n:1
440391,21,n:1
440393,21,n:1
440394,21,n:1
440395,21,n:1
440396,21,n:1
440397,21,n:1
440398,21,n:1
440399,21,n:1
440410,21,n:1
440420,21,n:1
440500,22,n:1
440611,22,n:1
440612,22,n:1
440691,22,n:1
440692,22,n:1
440711,22,n:1
440712,22,n:1
440719,22,n:1
440721,22,n:1
440722,22,n:1
440725,22,n:1
440726,22,n:1
440727,22,n:1
440728,22,n:1
440729,22,n:1
440791,22,n:1
440792,22,n:1
440793,22,n:1
440794,22,n:1
440795,22,n:1
440796,22,n:1
440797,22,n:1
440799,22,n:1
440810,22,n:1
440831,22,n:1
440839,22,n:1
440890,22,n:1
440910,22,n:1
440921,22,n:1
440922,22,n:1
440929,22,n:1
441011,22,n:1
441012,22,n:1
441019,22,n:1
441090,22,n:1
441112,22,n:1
441113,22,n:1
441114,22,n:1
441192,22,n:1
441193,22,n:1
441194,22,n:1
441210,22,n:1
441231,22,n:1
441233,22,n:1
441234,22,n:1
441239,22,n:1
441294,22,n:1
441299,22,n:1
441300,22,n:1
441400,62,n:1
441510,22,n:1
441520,22,n:1
441600,22,n:1
441700,22,n:1
441810,22,n:1
441820,22,n:1
441840,22,n:1
441850,22,n:1
441860,22,n:1
441873,22,n:1
441874,22,n:1
441875,22,n:1
441879,22,n:1
441891,22,n:1
441899,22,n:1
441911,62,n:1
441912,62,n:1
441919,62,n:1
441990,62,n:1
442010,62,n:1
442090,62,n:1
442110,62,n:1
442191,22,n:1
442199,22,n:1
450110,21,n:1
450190,21,n:1
450200,21,n:1
450310,22,n:1
450390,22,n:1
450410,22,n:1
450490,22,n:1
460121,62,n:1
460122,62,n:1
460129,62,n:1
460192,62,n:1
460193,62,n:1
460194,62,n:1
460199,62,n:1
460211,62,n:1
460212,62,n:1
460219,62,n:1
460290,62,n:1
470100,22,n:1
470200,22,n:1
470311,22,n:1
470319,22,n:1
470321,22,n:1
470329,22,n:1
470411,22,n:1
470419,22,n:1
470421,22,n:1
470429,22,n:1
470500,22,n:1
470610,22,n:1
470620,22,n:1
470630,22,n:1
470691,22,n:1
470692,22,n:1
470693,22,n:1
470710,21,n:1
470720,21,n:1
470730,21,n:1
470790,21,n:1
480100,22,n:1
480210,22,n:1
480220,22,n:1
480240,22,n:1
480254,22,n:1
480255,22,n:1
480256,22,n:1
480257,22,n:1
480258,22,n:1
480261,22,n:1
480262,22,n:1
480269,22,n:1
480300,22,n:1
480411,22,n:1
480419,22,n:1
480421,22,n:1
480429,22,n:1
480431,22,n:1
480439,22,n:1
480441,22,n:1
480442,22,n:1
480449,22,n:1
480451,22,n:1
480452,22,n:1
480459,22,n:1
480511,22,n:1
480512,22,n:1
480519,22,n:1
480524,22,n:1
480525,22,n:1
480530,22,n:1
480540,22,n:1
480550,22,n:1
480591,22,n:1
480592,22,n:1
480593,22,n:1
480610,22,n:1
480620,22,n:1
480630,22,n:1
480640,22,n:1
480700,22,n:1
480810,22,n:1
480840,22,n:1
480890,22,n:1
480920,22,n:1
480990,22,n:1
481013,22,n:1
481014,22,n:1
481019,22,n:1
481022,22,n:1
481029,22,n:1
481031,22,n:1
481032,22,n:1
481039,22,n:1
481092,22,n:1
481099,22,n:1
481110,22,n:n
481110,61,n:n
481141,22,n:1
481149,22,n:1
481151,22,n:n
481151,61,n:n
481159,22,n:n
481159,61,n:n
481160,22,n:n
481160,61,n:n
481190,22,n:n
481190,61,n:n
481200,22,n:1
481310,63,n:1
481320,22,n:1
481390,22,n:1
481420,22,n:1
481490,22,n:1
481620,22,n:1
481690,22,n:1
481710,63,n:1
481720,63,n:1
481730,63,n:1
481810,63,n:1
481820,63,n:1
481830,63,n:1
481850,63,n:1
481890,63,n:1
481910,22,n:1
481920,22,n:1
481930,22,n:1
481940,22,n:1
481950,22,n:1
481960,22,n:1
482010,22,n:1
482020,63,n:1
482030,22,n:1
482040,22,n:1
482050,63,n:1
482090,22,n:1
482110,22,n:1
482190,22,n:1
482210,22,n:1
482290,22,n:1
482320,22,n:1
482340,22,n:1
482361,63,n:1
482369,63,n:1
482370,22,n:1
482390,22,n:n
482390,61,n:n
490110,63,n:1
490191,63,n:1
490199,63,n:1
490210,63,n:1
490290,63,n:1
490300,63,n:1
490400,62,n:1
490510,62,n:1
490591,63,n:1
490599,63,n:1
490600,22,n:1
490700,22,n:1
490810,22,n:1
490890,63,n:1
490900,63,n:1
491000,63,n:1
491110,22,n:1
491191,63,n:1
491199,22,n:1
500100,21,n:1
500200,22,n:1
500300,21,n:1
500400,22,n:1
500500,22,n:1
500600,63,n:1
500710,22,n:1
500720,22,n:1
500790,22,n:1
510111,21,n:1
510119,21,n:1
510121,21,n:1
510129,21,n:1
510130,21,n:1
510211,21,n:1
510219,21,n:1
510220,21,n:1
510310,21,n:1
510320,21,n:1
510330,21,n:1
510400,21,n:1
510510,22,n:1
510521,22,n:1
510529,22,n:1
510531,22,n:1
510539,22,n:1
510540,22,n:1
510610,22,n:1
510620,22,n:1
510710,22,n:1
510720,22,n:1
510810,22,n:1
510820,22,n:1
510910,63,n:1
510990,63,n:1
511000,22,n:1
511111,22,n:1
511119,22,n:1
511120,22,n:1
511130,22,n:1
511190,22,n:1
511211,22,n:1
511219,22,n:1
511220,22,n:1
511230,22,n:1
511290,22,n:1
511300,22,n:1
520100,21,n:1
520210,21,n:1
520291,21,n:1
520299,21,n:1
520300,22,n:1
520411,22,n:1
520419,22,n:1
520420,63,n:1
520511,22,n:1
520512,22,n:1
520513,22,n:1
520514,22,n:1
520515,22,n:1
520521,22,n:1
520522,22,n:1
520523,22,n:1
520524,22,n:1
520526,22,n:1
520527,22,n:1
520528,22,n:1
520531,22,n:1
520532,22,n:1
520533,22,n:1
520534,22,n:1
520535,22,n:1
520541,22,n:1
520542,22,n:1
520543,22,n:1
520544,22,n:1
520546,22,n:1
520547,22,n:1
520548,22,n:1
520611,22,n:1
520612,22,n:1
520613,22,n:1
520614,22,n:1
520615,22,n:1
520621,22,n:1
520622,22,n:1
520623,22,n:1
520624,22,n:1
520625,22,n:1
520631,22,n:1
520632,22,n:1
520633,22,n:1
520634,22,n:1
520635,22,n:1
520641,22,n:1
520642,22,n:1
520643,22,n:1
520644,22,n:1
520645,22,n:1
520710,63,n:1
520790,63,n:1
520811,22,n:1
520812,22,n:1
520813,22,n:1
520819,22,n:1
520821,22,n:1
520822,22,n:1
520823,22,n:1
520829,22,n:1
520831,22,n:1
520832,22,n:1
520833,22,n:1
520839,22,n:1
520841,22,n:1
520842,22,n:1
520843,22,n:1
520849,22,n:1
520851,22,n:1
520852,22,n:1
520859,22,n:1
520911,22,n:1
520912,22,n:1
520919,22,n:1
520921,22,n:1
520922,22,n:1
520929,22,n:1
520931,22,n:1
520932,22,n:1
520939,22,n:1
520941,22,n:1
520942,22,n:1
520943,22,n:1
520949,22,n:1
520951,22,n:1
520952,22,n:1
520959,22,n:1
521011,22,n:1
521019,22,n:1
521021,22,n:1
521029,22,n:1
521031,22,n:1
521032,22,n:1
521039,22,n:1
521041,22,n:1
521049,22,n:1
521051,22,n:1
521059,22,n:1
521111,22,n:1
521112,22,n:1
521119,22,n:1
521120,22,n:1
521131,22,n:1
521132,22,n:1
521139,22,n:1
521141,22,n:1
521142,22,n:1
521143,22,n:1
521149,22,n:1
521151,22,n:1
521152,22,n:1
521159,22,n:1
521211,22,n:1
521212,22,n:1
521213,22,n:1
521214,22,n:1
521215,22,n:1
521221,22,n:1
521222,22,n:1
521223,22,n:1
521224,22,n:1
521225,22,n:1
530110,21,n:1
530121,22,n:1
530129,22,n:1
530130,21,n:1
530210,21,n:1
530290,21,n:1
530310,21,n:1
530390,21,n:1
530500,21,n:1
530610,22,n:1
530620,22,n:1
530710,22,n:1
530720,22,n:1
530810,22,n:1
530820,22,n:1
530890,22,n:1
530911,22,n:1
530919,22,n:1
530921,22,n:1
530929,22,n:1
531010,22,n:1
531090,22,n:1
531100,22,n:1
540110,22,n:1
540120,22,n:1
540211,22,n:1
540219,22,n:1
540220,22,n:1
540231,22,n:1
540232,22,n:1
540233,22,n:1
540234,22,n:1
540239,22,n:1
540244,22,n:1
540245,22,n:1
540246,22,n:1
540247,22,n:1
540248,22,n:1
540249,22,n:1
540251,22,n:1
540252,22,n:1
540253,22,n:1
540259,22,n:1
540261,22,n:1
540262,22,n:1
540263,22,n:1
540269,22,n:1
540310,22,n:1
540331,22,n:1
540332,22,n:1
540333,22,n:1
540339,22,n:1
540341,22,n:1
540342,22,n:1
540349,22,n:1
540411,22,n:1
540412,22,n:1
540419,22,n:1
540490,22,n:1
540500,22,n:1
540600,63,n:1
540710,22,n:1
540720,22,n:1
540730,22,n:1
540741,22,n:1
540742,22,n:1
540743,22,n:1
540744,22,n:1
540751,22,n:1
540752,22,n:1
540753,22,n:1
540754,22,n:1
540761,22,n:1
540769,22,n:1
540771,22,n:1
540772,22,n:1
540773,22,n:1
540774,22,n:1
540781,22,n:1
540782,22,n:1
540783,22,n:1
540784,22,n:1
540791,22,n:1
540792,22,n:1
540793,22,n:1
540794,22,n:1
540810,22,n:1
540821,22,n:1
540822,22,n:1
540823,22,n:1
540824,22,n:1
540831,22,n:1
540832,22,n:1
540833,22,n:1
540834,22,n:1
550110,22,n:1
550120,22,n:1
550130,22,n:1
550140,22,n:1
550190,22,n:1
550210,22,n:1
550290,22,n:1
550311,22,n:1
550319,22,n:1
550320,22,n:1
550330,22,n:1
550340,22,n:1
550390,22,n:1
550410,22,n:1
550490,22,n:1
550510,21,n:1
550520,21,n:1
550610,22,n:1
550620,22,n:1
550630,22,n:1
550640,22,n:1
550690,22,n:1
550700,22,n:1
550810,22,n:1
550820,22,n:1
550911,22,n:1
550912,22,n:1
550921,22,n:1
550922,22,n:1
550931,22,n:1
550932,22,n:1
550941,22,n:1
550942,22,n:1
550951,22,n:1
550952,22,n:1
550953,22,n:1
550959,22,n:1
550961,22,n:1
550962,22,n:1
550969,22,n:1
550991,22,n:1
550992,22,n:1
550999,22,n:1
551011,22,n:1
551012,22,n:1
551020,22,n:1
551030,22,n:1
551090,22,n:1
551110,63,n:1
551120,63,n:1
551130,63,n:1
551211,22,n:1
551219,22,n:1
551221,22,n:1
551229,22,n:1
551291,22,n:1
551299,22,n:1
551311,22,n:1
551312,22,n:1
551313,22,n:1
551319,22,n:1
551321,22,n:1
551323,22,n:1
551329,22,n:1
551331,22,n:1
551339,22,n:1
551341,22,n:1
551349,22,n:1
551411,22,n:1
551412,22,n:1
551419,22,n:1
551421,22,n:1
551422,22,n:1
551423,22,n:1
551429,22,n:1
551430,22,n:1
551441,22,n:1
551442,22,n:1
551443,22,n:1
551449,22,n:1
551511,22,n:1
551512,22,n:1
551513,22,n:1
551519,22,n:1
551521,22,n:1
551522,22,n:1
551529,22,n:1
551591,22,n:1
551599,22,n:1
551611,22,n:1
551612,22,n:1
551613,22,n:1
551614,22,n:1
551621,22,n:1
551622,22,n:1
551623,22,n:1
551624,22,n:1
551631,22,n:1
551632,22,n:1
551633,22,n:1
551634,22,n:1
551641,22,n:1
551642,22,n:1
551643,22,n:1
551644,22,n:1
551691,22,n:1
551692,22,n:1
551693,22,n:1
551694,22,n:1
560121,22,n:1
560122,22,n:1
560129,22,n:1
560130,22,n:1
560210,22,n:1
560221,22,n:1
560229,22,n:1
560290,22,n:1
560311,22,n:1
560312,22,n:1
560313,22,n:1
560314,22,n:1
560391,22,n:1
560392,22,n:1
560393,22,n:1
560394,22,n:1
560410,22,n:1
560490,22,n:1
560500,22,n:1
560600,22,n:1
560721,22,n:1
560729,22,n:1
560741,22,n:1
560749,22,n:1
560750,22,n:1
560790,22,n:1
560811,22,n:1
560819,22,n:1
560890,22,n:1
560900,22,n:1
570110,61,n:1
570190,61,n:1
570210,61,n:1
570220,61,n:1
570231,61,n:1
570232,61,n:1
570239,61,n:1
570241,61,n:1
570242,61,n:1
570249,61,n:1
570250,61,n:1
570291,61,n:1
570292,61,n:1
570299,61,n:1
570310,61,n:1
570320,61,n:1
570330,61,n:1
570390,61,n:1
570410,61,n:1
570420,61,n:1
570490,61,n:1
570500,61,n:1
580110,22,n:1
580121,22,n:1
580122,22,n:1
580123,22,n:1
580126,22,n:1
580127,22,n:1
580131,22,n:1
580132,22,n:1
580133,22,n:1
580136,22,n:1
580137,22,n:1
580190,22,n:1
580211,22,n:1
580219,22,n:1
580220,22,n:1
580230,22,n:1
580300,22,n:1
580410,22,n:1
580421,22,n:1
580429,22,n:1
580430,22,n:1
580500,62,n:1
580610,22,n:1
580620,22,n:1
580631,22,n:1
580632,22,n:1
580639,22,n:1
580640,22,n:1
580710,22,n:1
580790,22,n:1
580810,22,n:1
580890,22,n:1
580900,22,n:1
581010,22,n:1
581091,22,n:1
581092,22,n:1
581099,22,n:1
581100,22,n:1
590110,22,n:1
590190,22,n:1
590210,22,n:1
590220,22,n:1
590290,22,n:1
590310,22,n:1
590320,22,n:1
590390,22,n:1
590410,61,n:1
590490,61,n:1
590500,22,n:1
590610,22,n:1
590691,22,n:1
590699,22,n:1
590700,22,n:1
590800,22,n:1
590900,42,n:1
591000,42,n:1
591110,42,n:1
591120,42,n:1
591131,42,n:1
591132,42,n:1
591140,42,n:1
591190,42,n:1
600110,22,n:1
600121,22,n:1
600122,22,n:1
600129,22,n:1
600191,22,n:1
600192,22,n:1
600199,22,n:1
600240,22,n:1
600290,22,n:1
600310,22,n:1
600320,22,n:1
600330,22,n:1
600340,22,n:1
600390,22,n:1
600410,22,n:1
600490,22,n:1
600521,22,n:1
600522,22,n:1
600523,22,n:1
600524,22,n:1
600535,22,n:1
600536,22,n:1
600537,22,n:1
600538,22,n:1
600539,22,n:1
600541,22,n:1
600542,22,n:1
600543,22,n:1
600544,22,n:1
600590,22,n:1
600610,22,n:1
600621,22,n:1
600622,22,n:1
600623,22,n:1
600624,22,n:1
600631,22,n:1
600632,22,n:1
600633,22,n:1
600634,22,n:1
600641,22,n:1
600642,22,n:1
600643,22,n:1
600644,22,n:1
600690,22,n:1
610120,62,n:1
610130,62,n:1
610190,62,n:1
610210,62,n:1
610220,62,n:1
610230,62,n:1
610290,62,n:1
610310,62,n:1
610322,62,n:1
610323,62,n:1
610329,62,n:1
610331,62,n:1
610332,62,n:1
610333,62,n:1
610339,62,n:1
610341,62,n:1
610342,62,n:1
610343,62,n:1
610349,62,n:1
610413,62,n:1
610419,62,n:1
610422,62,n:1
610423,62,n:1
610429,62,n:1
610431,62,n:1
610432,62,n:1
610433,62,n:1
610439,62,n:1
610441,62,n:1
610442,62,n:1
610443,62,n:1
610444,62,n:1
610449,62,n:1
610451,62,n:1
610452,62,n:1
610453,62,n:1
610459,62,n:1
610461,62,n:1
610462,62,n:1
610463,62,n:1
610469,62,n:1
610510,62,n:1
610520,62,n:1
610590,62,n:1
610610,62,n:1
610620,62,n:1
610690,62,n:1
610711,63,n:1
610712,63,n:1
610719,63,n:1
610721,63,n:1
610722,63,n:1
610729,63,n:1
610791,63,n:1
610799,63,n:1
610811,63,n:1
610819,63,n:1
610821,63,n:1
610822,63,n:1
610829,63,n:1
610831,63,n:1
610832,63,n:1
610839,63,n:1
610891,63,n:1
610892,63,n:1
610899,63,n:1
610910,63,n:1
610990,63,n:1
611011,62,n:1
611012,62,n:1
611019,62,n:1
611020,62,n:1
611030,62,n:1
611090,62,n:1
611120,62,n:1
611130,62,n:1
611190,62,n:1
611211,62,n:1
611212,62,n:1
611219,62,n:1
611220,62,n:1
611231,62,n:1
611239,62,n:1
611241,62,n:1
611249,62,n:1
611300,62,n:1
611420,62,n:1
611430,62,n:1
611490,62,n:1
611510,63,n:1
611521,63,n:1
611522,63,n:1
611529,63,n:1
611530,63,n:1
611594,63,n:1
611595,63,n:1
611596,63,n:1
611599,63,n:1
611610,63,n:1
611691,63,n:1
611692,63,n:1
611693,63,n:1
611699,63,n:1
611710,62,n:1
611780,62,n:n
611780,63,n:n
611790,63,n:1
620111,62,n:1
620112,62,n:1
620113,62,n:1
620119,62,n:1
620191,62,n:1
620192,62,n:1
620193,62,n:1
620199,62,n:1
620211,62,n:1
620212,62,n:1
620213,62,n:1
620219,62,n:1
620291,62,n:1
620292,62,n:1
620293,62,n:1
620299,62,n:1
620311,62,n:1
620312,62,n:1
620319,62,n:1
620322,62,n:1
620323,62,n:1
620329,62,n:1
620331,62,n:1
620332,62,n:1
620333,62,n:1
620339,62,n:1
620341,62,n:1
620342,62,n:1
620343,62,n:1
620349,62,n:1
620411,62,n:1
620412,62,n:1
620413,62,n:1
620419,62,n:1
620421,62,n:1
620422,62,n:1
620423,62,n:1
620429,62,n:1
620431,62,n:1
620432,62,n:1
620433,62,n:1
620439,62,n:1
620441,62,n:1
620442,62,n:1
620443,62,n:1
620444,62,n:1
620449,62,n:1
620451,62,n:1
620452,62,n:1
620453,62,n:1
620459,62,n:1
620461,62,n:1
620462,62,n:1
620463,62,n:1
620469,62,n:1
620520,62,n:1
620530,62,n:1
620590,62,n:1
620610,62,n:1
620620,62,n:1
620630,62,n:1
620640,62,n:1
620690,62,n:1
620711,63,n:1
620719,63,n:1
620721,63,n:1
620722,63,n:1
620729,63,n:1
620791,63,n:1
620799,63,n:1
620811,63,n:1
620819,63,n:1
620821,63,n:1
620822,63,n:1
620829,63,n:1
620891,63,n:1
620892,63,n:1
620899,63,n:1
620920,62,n:1
620930,62,n:1
620990,62,n:1
621010,62,n:1
621020,62,n:1
621030,62,n:1
621040,62,n:1
621050,62,n:1
621111,62,n:1
621112,62,n:1
621120,62,n:1
621132,62,n:1
621133,62,n:1
621139,62,n:1
621142,62,n:1
621143,62,n:1
621149,62,n:1
621210,63,n:1
621220,63,n:1
621230,63,n:1
621290,63,n:1
621320,63,n:1
621390,63,n:1
621410,63,n:1
621420,63,n:1
621430,63,n:1
621440,63,n:1
621490,63,n:1
621510,63,n:1
621520,63,n:1
621590,63,n:1
621600,63,n:1
621710,63,n:1
621790,63,n:1
630110,62,n:1
630120,62,n:1
630130,62,n:1
630140,62,n:1
630190,62,n:1
630210,62,n:1
630221,62,n:1
630222,62,n:1
630229,62,n:1
630231,62,n:1
630232,62,n:1
630239,62,n:1
630240,62,n:1
630251,62,n:1
630253,62,n:1
630259,62,n:1
630260,62,n:1
630291,62,n:1
630293,62,n:1
630299,62,n:1
630312,62,n:1
630319,62,n:1
630391,62,n:1
630392,62,n:1
630399,62,n:1
630411,62,n:1
630419,62,n:1
630420,62,n:1
630491,62,n:1
630492,62,n:1
630493,62,n:1
630499,62,n:1
630510,22,n:1
630520,22,n:1
630532,22,n:1
630533,22,n:1
630539,22,n:1
630590,22,n:1
630612,22,n:1
630619,22,n:1
630622,62,n:1
630629,62,n:1
630630,62,n:1
630640,62,n:1
630690,62,n:1
630710,62,n:1
630720,62,n:1
630790,62,n:1
630800,62,n:1
630900,21,n:1
631010,21,n:1
631090,21,n:1
640110,62,n:1
640192,62,n:1
640199,62,n:1
640212,62,n:1
640219,62,n:1
640220,62,n:1
640291,62,n:1
640299,62,n:1
640312,62,n:1
640319,62,n:1
640320,62,n:1
640340,62,n:1
640351,62,n:1
640359,62,n:1
640391,62,n:1
640399,62,n:1
640411,62,n:1
640419,62,n:1
640420,62,n:1
640510,62,n:1
640520,62,n:1
640590,62,n:1
640610,62,n:1
640620,62,n:1
640690,62,n:1
650100,22,n:1
650200,22,n:1
650400,62,n:1
650500,62,n:1
650610,62,n:1
650691,62,n:1
650699,62,n:1
650700,22,n:1
660110,62,n:1
660191,62,n:1
660199,62,n:1
660200,62,n:1
660320,22,n:1
660390,22,n:1
670100,22,n:1
670210,22,n:1
670290,22,n:1
670300,22,n:1
670411,62,n:1
670419,62,n:1
670420,62,n:1
670490,62,n:1
680100,22,n:1
680210,22,n:1
680221,22,n:1
680223,22,n:1
680229,22,n:1
680291,22,n:1
680292,22,n:1
680293,22,n:1
680299,22,n:1
680300,22,n:1
680410,22,n:1
680421,22,n:1
680422,22,n:1
680423,22,n:1
680430,63,n:1
680510,22,n:1
680520,22,n:1
680530,22,n:1
680610,22,n:1
680620,22,n:1
680690,22,n:1
680710,22,n:1
680790,22,n:1
680800,22,n:1
680911,22,n:1
680919,22,n:1
680990,22,n:1
681011,22,n:1
681019,22,n:1
681091,22,n:1
681099,22,n:1
681140,22,n:1
681181,22,n:1
681182,22,n:1
681189,22,n:1
681280,22,n:1
681291,22,n:1
681292,22,n:1
681293,22,n:1
681299,22,n:1
681320,22,n:1
681381,22,n:1
681389,22,n:1
681410,22,n:1
681490,22,n:1
681510,22,n:1
681520,22,n:1
681591,22,n:1
681599,22,n:1
690100,22,n:1
690210,22,n:1
690220,22,n:1
690290,22,n:1
690310,22,n:1
690320,22,n:1
690390,22,n:1
690410,22,n:1
690490,22,n:1
690510,22,n:1
690590,22,n:1
690600,22,n:1
690721,22,n:1
690722,22,n:1
690723,22,n:1
690730,22,n:1
690740,22,n:1
690911,22,n:1
690912,22,n:1
690919,22,n:1
690990,22,n:1
691010,22,n:1
691090,22,n:1
691110,62,n:1
691190,62,n:1
691200,62,n:1
691310,62,n:1
691390,62,n:1
691410,22,n:1
691490,22,n:1
700100,21,n:1
700210,22,n:1
700220,22,n:1
700231,22,n:1
700232,22,n:1
700239,22,n:1
700312,22,n:1
700319,22,n:1
700320,22,n:1
700330,22,n:1
700420,22,n:1
700490,22,n:1
700510,22,n:1
700521,22,n:1
700529,22,n:1
700530,22,n:1
700600,22,n:1
700711,22,n:1
700719,22,n:1
700721,22,n:1
700729,22,n:1
700800,22,n:1
700910,22,n:1
700991,22,n:1
700992,22,n:1
701010,22,n:1
701020,22,n:1
701090,22,n:1
701110,22,n:1
701120,22,n:1
701190,22,n:1
701310,62,n:1
701322,62,n:1
701328,62,n:1
701333,62,n:1
701337,62,n:1
701341,62,n:1
701342,62,n:1
701349,62,n:1
701391,62,n:1
701399,62,n:1
701400,22,n:1
701510,22,n:1
701590,22,n:1
701610,22,n:1
701690,22,n:1
701710,22,n:1
701720,22,n:1
701790,22,n:1
701810,22,n:1
701820,22,n:1
701890,22,n:1
701911,22,n:1
701912,22,n:1
701919,22,n:1
701931,22,n:1
701932,22,n:1
701939,22,n:1
701940,22,n:1
701951,22,n:1
701952,22,n:1
701959,22,n:1
701990,22,n:1
702000,22,n:1
710110,21,n:1
710121,21,n:1
710122,22,n:1
710210,21,n:1
710221,21,n:1
710229,22,n:1
710231,21,n:1
710239,22,n:1
710310,21,n:1
710391,22,n:1
710399,22,n:1
710410,22,n:1
710420,22,n:1
710490,22,n:1
710510,21,n:1
710590,21,n:1
710610,22,n:1
710691,22,n:1
710692,22,n:1
710700,22,n:1
710811,22,n:1
710812,22,n:1
710813,22,n:1
710900,22,n:1
711011,22,n:1
711019,22,n:1
711021,22,n:1
711029,22,n:1
711031,22,n:1
711039,22,n:1
711041,22,n:1
711049,22,n:1
711100,22,n:1
711230,21,n:1
711291,21,n:1
711292,21,n:1
711299,21,n:1
711311,61,n:1
711319,61,n:1
711320,61,n:1
711411,61,n:1
711419,61,n:1
711420,61,n:1
711510,41,n:1
711590,41,n:1
711610,61,n:1
711620,61,n:1
711711,62,n:1
711719,62,n:1
711790,62,n:1
711810,7,n:1
720110,22,n:1
720120,22,n:1
720150,22,n:1
720211,22,n:1
720219,22,n:1
720221,22,n:1
720229,22,n:1
720230,22,n:1
720241,22,n:1
720249,22,n:1
720250,22,n:1
720260,22,n:1
720270,22,n:1
720280,22,n:1
720291,22,n:1
720292,22,n:1
720293,22,n:1
720299,22,n:1
720310,22,n:1
720390,22,n:1
720410,21,n:1
720421,21,n:1
720429,21,n:1
720430,21,n:1
720441,21,n:1
720449,21,n:1
720450,21,n:1
720510,22,n:1
720521,22,n:1
720529,22,n:1
720610,22,n:1
720690,22,n:1
720711,22,n:1
720712,22,n:1
720719,22,n:1
720720,22,n:1
720810,22,n:1
720825,22,n:1
720826,22,n:1
720827,22,n:1
720836,22,n:1
720837,22,n:1
720838,22,n:1
720839,22,n:1
720840,22,n:1
720851,22,n:1
720852,22,n:1
720853,22,n:1
720854,22,n:1
720890,22,n:1
720915,22,n:1
720916,22,n:1
720917,22,n:1
720918,22,n:1
720925,22,n:1
720926,22,n:1
720927,22,n:1
720928,22,n:1
720990,22,n:1
721011,22,n:1
721012,22,n:1
721020,22,n:1
721030,22,n:1
721041,22,n:1
721049,22,n:1
721050,22,n:1
721061,22,n:1
721069,22,n:1
721070,22,n:1
721090,22,n:1
721113,22,n:1
721114,22,n:1
721119,22,n:1
721123,22,n:1
721129,22,n:1
721190,22,n:1
721210,22,n:1
721220,22,n:1
721230,22,n:1
721240,22,n:1
721250,22,n:1
721260,22,n:1
721310,22,n:1
721320,22,n:1
721391,22,n:1
721399,22,n:1
721410,22,n:1
721420,22,n:1
721430,22,n:1
721491,22,n:1
721499,22,n:1
721510,22,n:1
721550,22,n:1
721590,22,n:1
721610,22,n:1
721621,22,n:1
721622,22,n:1
721631,22,n:1
721632,22,n:1
721633,22,n:1
721640,22,n:1
721650,22,n:1
721661,22,n:1
721669,22,n:1
721691,22,n:1
721699,22,n:1
721710,22,n:1
721720,22,n:1
721730,22,n:1
721790,22,n:1
721810,22,n:1
721891,22,n:1
721899,22,n:1
721911,22,n:1
721912,22,n:1
721913,22,n:1
721914,22,n:1
721921,22,n:1
721922,22,n:1
721923,22,n:1
721924,22,n:1
721931,22,n:1
721932,22,n:1
721933,22,n:1
721934,22,n:1
721935,22,n:1
721990,22,n:1
722011,22,n:1
722012,22,n:1
722020,22,n:1
722090,22,n:1
722100,22,n:1
722211,22,n:1
722219,22,n:1
722220,22,n:1
722230,22,n:1
722240,22,n:1
722300,22,n:1
722410,22,n:1
722490,22,n:1
722511,22,n:1
722519,22,n:1
722530,22,n:1
722540,22,n:1
722550,22,n:1
722591,22,n:1
722592,22,n:1
722599,22,n:1
722611,22,n:1
722619,22,n:1
722620,22,n:1
722691,22,n:1
722692,22,n:1
722699,22,n:1
722710,22,n:1
722720,22,n:1
722790,22,n:1
722810,22,n:1
722820,22,n:1
722830,22,n:1
722840,22,n:1
722850,22,n:1
722860,22,n:1
722870,22,n:1
722880,22,n:1
722920,22,n:1
722990,22,n:1
730110,22,n:1
730120,22,n:1
730210,22,n:1
730230,22,n:1
730240,22,n:1
730290,22,n:1
730300,22,n:1
730411,22,n:1
730419,22,n:1
730422,22,n:1
730423,22,n:1
730424,22,n:1
730429,22,n:1
730431,22,n:1
730439,22,n:1
730441,22,n:1
730449,22,n:1
730451,22,n:1
730459,22,n:1
730490,22,n:1
730511,22,n:1
730512,22,n:1
730519,22,n:1
730520,22,n:1
730531,22,n:1
730539,22,n:1
730590,22,n:1
730611,22,n:1
730619,22,n:1
730621,22,n:1
730629,22,n:1
730630,22,n:1
730640,22,n:1
730650,22,n:1
730661,22,n:1
730669,22,n:1
730690,22,n:1
730711,22,n:1
730719,22,n:1
730721,22,n:1
730722,22,n:1
730723,22,n:1
730729,22,n:1
730791,22,n:1
730792,22,n:1
730793,22,n:1
730799,22,n:1
730810,22,n:1
730820,22,n:1
730830,22,n:1
730840,22,n:1
730890,22,n:1
730900,41,n:1
731010,41,n:1
731021,41,n:1
731029,41,n:1
731100,41,n:1
731210,22,n:1
731290,22,n:1
731300,22,n:1
731412,22,n:1
731414,22,n:1
731419,22,n:1
731420,22,n:1
731431,22,n:1
731439,22,n:1
731441,22,n:1
731442,22,n:1
731449,22,n:1
731450,22,n:1
731511,22,n:1
731512,22,n:1
731519,22,n:1
731520,22,n:1
731581,22,n:1
731582,22,n:1
731589,22,n:1
731590,22,n:1
731600,53,n:1
731700,22,n:1
731811,22,n:1
731812,22,n:1
731813,22,n:1
731814,22,n:1
731815,22,n:1
731816,22,n:1
731819,22,n:1
731821,22,n:1
731822,22,n:1
731823,22,n:1
731824,22,n:1
731829,22,n:1
731940,63,n:1
731990,63,n:1
732010,22,n:1
732020,22,n:1
732090,22,n:1
732111,61,n:1
732112,61,n:1
732119,61,n:1
732181,61,n:1
732182,61,n:1
732189,61,n:1
732190,22,n:1
732211,41,n:1
732219,41,n:1
732290,41,n:1
732310,62,n:1
732391,62,n:1
732392,62,n:1
732393,62,n:1
732394,62,n:1
732399,62,n:1
732410,22,n:1
732421,22,n:1
732429,22,n:1
732490,22,n:1
732510,22,n:1
732591,22,n:1
732599,22,n:1
732611,22,n:1
732619,22,n:1
732620,22,n:1
732690,22,n:1
740100,22,n:1
740200,22,n:1
740311,22,n:1
740312,22,n:1
740313,22,n:1
740319,22,n:1
740321,22,n:1
740322,22,n:1
740329,22,n:1
740400,21,n:1
740500,22,n:1
740610,22,n:1
740620,22,n:1
740710,22,n:1
740721,22,n:1
740729,22,n:1
740811,22,n:1
740819,22,n:1
740821,22,n:1
740822,22,n:1
740829,22,n:1
740911,22,n:1
740919,22,n:1
740921,22,n:1
740929,22,n:1
740931,22,n:1
740939,22,n:1
740940,22,n:1
740990,22,n:1
741011,22,n:1
741012,22,n:1
741021,22,n:1
741022,22,n:1
741110,22,n:1
741121,22,n:1
741122,22,n:1
741129,22,n:1
741210,22,n:1
741220,22,n:1
741300,22,n:1
741510,22,n:1
741521,22,n:1
741529,22,n:1
741533,22,n:1
741539,22,n:1
741810,61,n:n
741810,62,n:n
741820,22,n:1
741910,22,n:1
741991,22,n:1
741999,22,n:n
741999,61,n:n
750110,22,n:1
750120,22,n:1
750210,22,n:1
750220,22,n:1
750300,21,n:1
750400,22,n:1
750511,22,n:1
750512,22,n:1
750521,22,n:1
750522,22,n:1
750610,22,n:1
750620,22,n:1
750711,22,n:1
750712,22,n:1
750720,22,n:1
750810,22,n:1
750890,22,n:1
760110,22,n:1
760120,22,n:1
760200,21,n:1
760310,22,n:1
760320,22,n:1
760410,22,n:1
760421,22,n:1
760429,22,n:1
760511,22,n:1
760519,22,n:1
760521,22,n:1
760529,22,n:1
760611,22,n:1
760612,22,n:1
760691,22,n:1
760692,22,n:1
760711,22,n:1
760719,22,n:1
760720,22,n:1
760810,22,n:1
760820,22,n:1
760900,22,n:1
761010,22,n:1
761090,22,n:1
761100,41,n:1
761210,41,n:1
761290,41,n:1
761300,41,n:1
761410,22,n:1
761490,22,n:1
761510,62,n:1
761520,22,n:1
761610,22,n:1
761691,22,n:1
761699,22,n:1
780110,22,n:1
780191,22,n:1
780199,22,n:1
780200,21,n:1
780411,22,n:1
780419,22,n:1
780420,22,n:1
780600,22,n:1
790111,22,n:1
790112,22,n:1
790120,22,n:1
790200,21,n:1
790310,22,n:1
790390,22,n:1
790400,22,n:1
790500,22,n:1
790700,22,n:1
800110,22,n:1
800120,22,n:1
800200,21,n:1
800300,22,n:1
800700,22,n:1
810110,22,n:1
810194,22,n:1
810196,22,n:1
810197,21,n:1
810199,22,n:1
810210,22,n:1
810294,22,n:1
810295,22,n:1
810296,22,n:1
810297,21,n:1
810299,22,n:1
810320,22,n:1
810330,21,n:1
810390,22,n:1
810411,22,n:1
810419,22,n:1
810420,21,n:1
810430,22,n:1
810490,22,n:1
810520,22,n:1
810530,21,n:1
810590,22,n:1
810600,22,n:1
810720,22,n:1
810730,21,n:1
810790,22,n:1
810820,22,n:1
810830,21,n:1
810890,22,n:1
810920,22,n:1
810930,21,n:1
810990,22,n:1
811010,22,n:1
811020,21,n:1
811090,22,n:1
811100,22,n:1
811212,22,n:1
811213,21,n:1
811219,22,n:1
811221,22,n:1
811222,21,n:1
811229,22,n:1
811251,22,n:1
811252,21,n:1
811259,22,n:1
811292,22,n:1
811299,22,n:1
811300,22,n:1
820110,41,n:1
820130,41,n:1
820140,41,n:1
820150,41,n:1
820160,41,n:1
820190,41,n:1
820210,41,n:1
820220,42,n:1
820231,42,n:1
820239,42,n:1
820240,42,n:1
820291,42,n:1
820299,42,n:1
820310,41,n:1
820320,41,n:1
820330,41,n:1
820340,41,n:1
820411,41,n:1
820412,41,n:1
820420,41,n:1
820510,41,n:1
820520,41,n:1
820530,41,n:1
820540,41,n:1
820551,62,n:1
820559,41,n:1
820560,41,n:1
820570,41,n:1
820590,41,n:1
820600,41,n:1
820713,42,n:1
820719,42,n:1
820720,42,n:1
820730,42,n:1
820740,42,n:1
820750,42,n:1
820760,42,n:1
820770,42,n:1
820780,42,n:1
820790,42,n:1
820810,42,n:1
820820,42,n:1
820830,42,n:1
820840,42,n:1
820890,42,n:1
820900,42,n:1
821000,61,n:1
821110,62,n:1
821191,62,n:1
821192,62,n:1
821193,62,n:1
821194,42,n:1
821195,42,n:1
821210,63,n:1
821220,63,n:1
821290,63,n:1
821300,62,n:1
821410,62,n:1
821420,62,n:1
821490,62,n:1
821510,62,n:1
821520,62,n:1
821591,62,n:1
821599,62,n:1
830110,22,n:1
830120,22,n:1
830130,22,n:1
830140,22,n:1
830150,22,n:1
830160,22,n:1
830170,22,n:1
830210,22,n:1
830220,22,n:1
830230,53,n:1
830241,22,n:1
830242,22,n:1
830249,22,n:1
830250,22,n:1
830260,22,n:1
830300,41,n:1
830400,41,n:1
830510,22,n:1
830520,22,n:1
830590,22,n:1
830610,22,n:1
830621,62,n:1
830629,62,n:1
830630,62,n:1
830710,22,n:1
830790,22,n:1
830810,22,n:1
830820,22,n:1
830890,22,n:1
830910,22,n:1
830990,22,n:1
831000,22,n:1
831110,22,n:1
831120,22,n:1
831130,22,n:1
831190,22,n:1
840110,41,n:1
840120,41,n:1
840130,41,n:1
840140,42,n:1
840211,41,n:1
840212,41,n:1
840219,41,n:1
840220,41,n:1
840290,42,n:1
840310,41,n:1
840390,42,n:1
840410,41,n:1
840420,41,n:1
840490,42,n:1
840510,41,n:1
840590,42,n:1
840610,41,n:1
840681,41,n:1
840682,41,n:1
840690,42,n:1
840710,53,n:1
840721,522,n:1
840729,53,n:1
840731,53,n:1
840732,53,n:1
840733,53,n:1
840734,53,n:1
840790,41,n:1
840810,53,n:1
840820,53,n:1
840890,41,n:1
840910,53,n:1
840991,53,n:1
840999,53,n:1
841011,41,n:1
841012,41,n:1
841013,41,n:1
841090,42,n:1
841111,53,n:1
841112,53,n:1
841121,53,n:1
841122,53,n:1
841181,53,n:1
841182,53,n:1
841191,53,n:1
841199,53,n:1
841210,53,n:1
841221,41,n:1
841229,41,n:1
841231,41,n:1
841239,41,n:1
841280,41,n:1
841290,42,n:1
841311,41,n:1
841319,41,n:1
841320,41,n:1
841330,41,n:1
841340,41,n:1
841350,41,n:1
841360,41,n:1
841370,41,n:1
841381,41,n:1
841382,41,n:1
841391,42,n:1
841392,42,n:1
841410,41,n:1
841420,41,n:1
841430,41,n:1
841440,41,n:1
841451,61,n:1
841459,41,n:1
841460,61,n:1
841480,41,n:1
841490,42,n:1
841510,61,n:1
841520,53,n:1
841581,41,n:1
841582,41,n:1
841583,41,n:1
841590,42,n:1
841610,41,n:1
841620,41,n:1
841630,41,n:1
841690,42,n:1
841710,41,n:1
841720,41,n:1
841780,41,n:1
841790,42,n:1
841810,61,n:1
841821,61,n:1
841829,61,n:1
841830,61,n:1
841840,61,n:1
841850,41,n:1
841861,41,n:1
841869,41,n:1
841891,42,n:1
841899,42,n:1
841911,41,n:1
841919,41,n:1
841920,41,n:1
841931,41,n:1
841932,41,n:1
841939,41,n:1
841940,41,n:1
841950,41,n:1
841960,41,n:1
841981,41,n:1
841989,41,n:1
841990,42,n:1
842010,41,n:1
842091,42,n:1
842099,42,n:1
842111,41,n:1
842112,41,n:1
842119,41,n:1
842121,41,n:1
842122,41,n:1
842123,41,n:1
842129,41,n:1
842131,41,n:1
842139,41,n:1
842191,42,n:1
842199,42,n:1
842211,61,n:1
842219,41,n:1
842220,41,n:1
842230,41,n:1
842240,41,n:1
842290,42,n:1
842310,62,n:1
842320,41,n:1
842330,41,n:1
842381,41,n:1
842382,41,n:1
842389,41,n:1
842390,42,n:1
842410,41,n:1
842420,41,n:1
842430,41,n:1
842441,41,n:1
842449,41,n:1
842482,41,n:1
842489,41,n:1
842490,42,n:1
842511,41,n:1
842519,41,n:1
842531,41,n:1
842539,41,n:1
842541,41,n:1
842542,41,n:1
842549,41,n:1
842611,41,n:1
842612,41,n:1
842619,41,n:1
842620,41,n:1
842630,41,n:1
842641,41,n:1
842649,41,n:1
842691,41,n:1
842699,41,n:1
842710,41,n:1
842720,41,n:1
842790,41,n:1
842810,41,n:1
842820,41,n:1
842831,41,n:1
842832,41,n:1
842833,41,n:1
842839,41,n:1
842840,41,n:1
842860,41,n:1
842890,41,n:1
842911,41,n:1
842919,41,n:1
842920,41,n:1
842930,41,n:1
842940,41,n:1
842951,41,n:1
842952,41,n:1
842959,41,n:1
843010,41,n:1
843020,41,n:1
843031,41,n:1
843039,41,n:1
843041,41,n:1
843049,41,n:1
843050,41,n:1
843061,41,n:1
843069,41,n:1
843110,42,n:1
843120,42,n:1
843131,42,n:1
843139,42,n:1
843141,42,n:1
843142,42,n:1
843143,42,n:1
843149,42,n:1
843210,41,n:1
843221,41,n:1
843229,41,n:1
843231,41,n:1
843239,41,n:1
843241,41,n:1
843242,41,n:1
843280,41,n:1
843290,42,n:1
843311,61,n:1
843319,61,n:1
843320,41,n:1
843330,41,n:1
843340,41,n:1
843351,41,n:1
843352,41,n:1
843353,41,n:1
843359,41,n:1
843360,41,n:1
843390,42,n:1
843410,41,n:1
843420,41,n:1
843490,42,n:1
843510,41,n:1
843590,42,n:1
843610,41,n:1
843621,41,n:1
843629,41,n:1
843680,41,n:1
843691,42,n:1
843699,42,n:1
843710,41,n:1
843780,41,n:1
843790,42,n:1
843810,41,n:1
843820,41,n:1
843830,41,n:1
843840,41,n:1
843850,41,n:1
843860,41,n:1
843880,41,n:1
843890,42,n:1
843910,41,n:1
843920,41,n:1
843930,41,n:1
843991,42,n:1
843999,42,n:1
844010,41,n:1
844090,42,n:1
844110,41,n:1
844120,41,n:1
844130,41,n:1
844140,41,n:1
844180,41,n:1
844190,42,n:1
844230,41,n:1
844240,42,n:1
844250,42,n:1
844311,41,n:1
844312,41,n:1
844313,41,n:1
844314,41,n:1
844315,41,n:1
844316,41,n:1
844317,41,n:1
844319,41,n:1
844331,41,n:1
844332,41,n:1
844339,41,n:1
844391,41,n:n
844391,42,n:n
844399,41,n:n
844399,42,n:n
844400,41,n:1
844511,41,n:1
844512,41,n:1
844513,41,n:1
844519,41,n:1
844520,41,n:1
844530,41,n:1
844540,41,n:1
844590,41,n:1
844610,41,n:1
844621,41,n:1
844629,41,n:1
844630,41,n:1
844711,41,n:1
844712,41,n:1
844720,41,n:1
844790,41,n:1
844811,42,n:1
844819,42,n:1
844820,42,n:1
844831,42,n:1
844832,42,n:1
844833,42,n:1
844839,42,n:1
844842,42,n:1
844849,42,n:1
844851,42,n:1
844859,42,n:1
844900,41,n:1
845011,61,n:1
845012,61,n:1
845019,61,n:1
845020,41,n:1
845090,42,n:1
845110,41,n:1
845121,61,n:1
845129,41,n:1
845130,41,n:1
845140,41,n:1
845150,41,n:1
845180,41,n:1
845190,42,n:1
845210,61,n:1
845221,41,n:1
845229,41,n:1
845230,42,n:1
845290,42,n:1
845310,41,n:1
845320,41,n:1
845380,41,n:1
845390,42,n:1
845410,41,n:1
845420,41,n:1
845430,41,n:1
845490,42,n:1
845510,41,n:1
845521,41,n:1
845522,41,n:1
845530,42,n:1
845590,42,n:1
845611,41,n:1
845612,41,n:1
845620,41,n:1
845630,41,n:1
845640,41,n:1
845650,41,n:1
845690,41,n:1
845710,41,n:1
845720,41,n:1
845730,41,n:1
845811,41,n:1
845819,41,n:1
845891,41,n:1
845899,41,n:1
845910,41,n:1
845921,41,n:1
845929,41,n:1
845931,41,n:1
845939,41,n:1
845941,41,n:1
845949,41,n:1
845951,41,n:1
845959,41,n:1
845961,41,n:1
845969,41,n:1
845970,41,n:1
846012,41,n:1
846019,41,n:1
846022,41,n:1
846023,41,n:1
846024,41,n:1
846029,41,n:1
846031,41,n:1
846039,41,n:1
846040,41,n:1
846090,41,n:1
846120,41,n:1
846130,41,n:1
846140,41,n:1
846150,41,n:1
846190,41,n:1
846210,41,n:1
846221,41,n:1
846229,41,n:1
846231,41,n:1
846239,41,n:1
846241,41,n:1
846249,41,n:1
846291,41,n:1
846299,41,n:1
846310,41,n:1
846320,41,n:1
846330,41,n:1
846390,41,n:1
846410,41,n:1
846420,41,n:1
846490,41,n:1
846510,41,n:1
846520,41,n:1
846591,41,n:1
846592,41,n:1
846593,41,n:1
846594,41,n:1
846595,41,n:1
846596,41,n:1
846599,41,n:1
846610,42,n:1
846620,42,n:1
846630,42,n:1
846691,42,n:1
846692,42,n:1
846693,42,n:1
846694,42,n:1
846711,41,n:1
846719,41,n:1
846721,41,n:1
846722,41,n:1
846729,41,n:1
846781,41,n:1
846789,41,n:1
846791,42,n:1
846792,42,n:1
846799,42,n:1
846810,41,n:1
846820,41,n:1
846880,41,n:1
846890,42,n:1
847010,62,n:1
847021,41,n:1
847029,41,n:1
847030,41,n:1
847050,41,n:1
847090,41,n:1
847130,41,n:1
847141,41,n:1
847149,41,n:1
847150,41,n:1
847160,41,n:1
847170,41,n:1
847180,41,n:1
847190,41,n:1
847210,41,n:1
847230,41,n:1
847290,41,n:1
847321,42,n:1
847329,42,n:1
847330,42,n:1
847340,42,n:1
847350,42,n:1
847410,41,n:1
847420,41,n:1
847431,41,n:1
847432,41,n:1
847439,41,n:1
847480,41,n:1
847490,42,n:1
847510,41,n:1
847521,41,n:1
847529,41,n:1
847590,42,n:1
847621,41,n:1
847629,41,n:1
847681,41,n:1
847689,41,n:1
847690,42,n:1
847710,41,n:1
847720,41,n:1
847730,41,n:1
847740,41,n:1
847751,41,n:1
847759,41,n:1
847780,41,n:1
847790,42,n:1
847810,41,n:1
847890,42,n:1
847910,41,n:1
847920,41,n:1
847930,41,n:1
847940,41,n:1
847950,41,n:1
847960,41,n:1
847971,41,n:1
847979,41,n:1
847981,41,n:1
847982,41,n:1
847989,41,n:1
847990,42,n:1
848010,41,n:1
848020,41,n:1
848030,41,n:1
848041,41,n:1
848049,41,n:1
848050,41,n:1
848060,41,n:1
848071,41,n:1
848079,41,n:1
848110,42,n:1
848120,42,n:1
848130,42,n:1
848140,42,n:1
848180,42,n:1
848190,42,n:1
848210,42,n:1
848220,42,n:1
848230,42,n:1
848240,42,n:1
848250,42,n:1
848280,42,n:1
848291,42,n:1
848299,42,n:1
848310,42,n:1
848320,42,n:1
848330,42,n:1
848340,42,n:1
848350,42,n:1
848360,42,n:1
848390,42,n:1
848410,42,n:1
848420,42,n:1
848490,42,n:1
848610,41,n:1
848620,41,n:1
848630,41,n:1
848640,41,n:1
848690,42,n:1
848710,42,n:1
848790,42,n:1
850110,41,n:1
850120,41,n:1
850131,41,n:1
850132,41,n:1
850133,41,n:1
850134,41,n:1
850140,41,n:1
850151,41,n:1
850152,41,n:1
850153,41,n:1
850161,41,n:1
850162,41,n:1
850163,41,n:1
850164,41,n:1
850211,41,n:1
850212,41,n:1
850213,41,n:1
850220,41,n:1
850231,41,n:1
850239,41,n:1
850240,41,n:1
850300,42,n:1
850410,41,n:1
850421,41,n:1
850422,41,n:1
850423,41,n:1
850431,41,n:1
850432,41,n:1
850433,41,n:1
850434,41,n:1
850440,41,n:1
850450,41,n:1
850490,42,n:1
850511,41,n:1
850519,41,n:1
850520,41,n:1
850590,41,n:1
850610,63,n:1
850630,63,n:1
850640,63,n:1
850650,63,n:1
850660,63,n:1
850680,63,n:1
850690,22,n:1
850710,53,n:1
850720,53,n:1
850730,53,n:1
850740,53,n:1
850750,53,n:1
850760,53,n:1
850780,53,n:1
850790,22,n:1
850811,61,n:1
850819,41,n:n
850819,61,n:n
850860,41,n:n
850860,61,n:n
850870,22,n:n
850870,42,n:n
850940,61,n:1
850980,61,n:1
850990,22,n:1
851010,61,n:1
851020,61,n:1
851030,61,n:1
851090,22,n:1
851110,53,n:1
851120,53,n:1
851130,53,n:1
851140,53,n:1
851150,53,n:1
851180,53,n:1
851190,53,n:1
851210,53,n:1
851220,53,n:1
851230,53,n:1
851240,53,n:1
851290,22,n:1
851310,22,n:1
851390,22,n:1
851410,41,n:1
851420,41,n:1
851430,41,n:1
851440,41,n:1
851490,42,n:1
851511,41,n:1
851519,41,n:1
851521,41,n:1
851529,41,n:1
851531,41,n:1
851539,41,n:1
851580,41,n:1
851590,42,n:1
851610,22,n:1
851621,61,n:1
851629,61,n:1
851631,61,n:1
851632,61,n:1
851633,41,n:1
851640,61,n:1
851650,61,n:1
851660,61,n:1
851671,61,n:1
851672,61,n:1
851679,61,n:1
851680,22,n:1
851690,22,n:1
851711,62,n:1
851712,41,n:1
851718,41,n:1
851761,41,n:1
851762,41,n:1
851769,41,n:1
851770,42,n:1
851810,41,n:1
851821,41,n:1
851822,41,n:1
851829,41,n:1
851830,41,n:1
851840,41,n:1
851850,41,n:1
851890,42,n:1
851920,41,n:n
851920,61,n:n
851930,61,n:1
851950,62,n:1
851981,41,n:n
851981,61,n:n
851989,41,n:n
851989,61,n:n
852110,41,n:1
852190,41,n:1
852210,42,n:1
852290,42,n:1
852321,42,n:n
852321,62,n:n
852329,42,n:n
852329,62,n:n
852341,42,n:n
852341,62,n:n
852349,42,n:n
852349,62,n:n
852351,42,n:n
852351,62,n:n
852352,41,n:n
852352,42,n:n
852359,41,n:n
852359,42,n:n
852359,62,n:n
852380,42,n:n
852380,62,n:n
852550,41,n:1
852560,41,n:1
852580,41,n:n
852580,61,n:n
852610,41,n:1
852691,41,n:1
852692,41,n:1
852712,61,n:1
852713,61,n:1
852719,61,n:1
852721,53,n:1
852729,53,n:1
852791,41,n:1
852792,41,n:1
852799,41,n:1
852842,41,n:1
852849,41,n:1
852852,41,n:1
852859,41,n:1
852862,41,n:n
852862,61,n:n
852869,61,n:1
852871,41,n:n
852871,61,n:n
852872,61,n:1
852873,41,n:1
852910,42,n:1
852990,42,n:1
853010,41,n:1
853080,41,n:1
853090,42,n:1
853110,41,n:1
853120,41,n:1
853180,41,n:1
853190,42,n:1
853210,41,n:1
853221,41,n:1
853222,41,n:1
853223,41,n:1
853224,41,n:1
853225,41,n:1
853229,41,n:1
853230,41,n:1
853290,42,n:1
853310,42,n:1
853321,42,n:1
853329,42,n:1
853331,42,n:1
853339,42,n:1
853340,42,n:1
853390,42,n:1
853400,42,n:1
853510,42,n:1
853521,42,n:1
853529,42,n:1
853530,42,n:1
853540,42,n:1
853590,42,n:1
853610,42,n:1
853620,42,n:1
853630,42,n:1
853641,42,n:1
853649,42,n:1
853650,42,n:1
853661,42,n:1
853669,42,n:1
853670,22,n:n
853670,62,n:n
853690,42,n:1
853710,42,n:1
853720,42,n:1
853810,42,n:1
853890,42,n:1
853910,53,n:1
853921,63,n:1
853922,63,n:1
853929,42,n:1
853931,42,n:1
853932,42,n:1
853939,42,n:1
853941,42,n:1
853949,42,n:1
853950,41,n:1
853990,22,n:1
854011,42,n:1
854012,42,n:1
854020,42,n:1
854040,42,n:1
854060,42,n:1
854071,42,n:1
854079,42,n:1
854081,42,n:1
854089,42,n:1
854091,42,n:1
854099,42,n:1
854110,42,n:1
854121,42,n:1
854129,42,n:1
854130,42,n:1
854140,42,n:1
854150,42,n:1
854160,42,n:1
854190,42,n:1
854231,21,n:n
854231,22,n:n
854231,41,n:n
854231,42,n:n
854231,61,n:n
854231,62,n:n
854231,63,n:n
854231,7,n:n
854232,21,n:n
854232,22,n:n
854232,41,n:n
854232,42,n:n
854232,61,n:n
854232,62,n:n
854232,63,n:n
854232,7,n:n
854233,21,n:n
854233,22,n:n
854233,41,n:n
854233,42,n:n
854233,62,n:n
854239,21,n:n
854239,22,n:n
854239,41,n:n
854239,42,n:n
854239,61,n:n
854239,62,n:n
854239,63,n:n
854239,7,n:n
854290,42,n:1
854310,41,n:1
854320,41,n:1
854330,41,n:1
854370,41,n:1
854390,42,n:1
854411,22,n:1
854419,22,n:1
854420,22,n:1
854430,53,n:1
854442,22,n:1
854449,22,n:1
854460,22,n:1
854470,22,n:1
854511,42,n:1
854519,42,n:1
854520,42,n:1
854590,42,n:1
854610,42,n:1
854620,42,n:1
854690,42,n:1
854710,22,n:1
854720,22,n:1
854790,22,n:1
854810,21,n:1
854890,42,n:1
860110,521,n:1
860120,521,n:1
860210,521,n:1
860290,521,n:1
860310,521,n:1
860390,521,n:1
860400,521,n:1
860500,521,n:1
860610,521,n:1
860630,521,n:1
860691,521,n:1
860692,521,n:1
860699,521,n:1
860711,53,n:1
860712,53,n:1
860719,53,n:1
860721,53,n:1
860729,53,n:1
860730,53,n:1
860791,53,n:1
860799,53,n:1
860800,41,n:1
860900,521,n:1
870110,41,n:1
870120,521,n:1
870130,41,n:1
870191,41,n:1
870192,41,n:1
870193,41,n:1
870194,41,n:1
870195,41,n:1
870210,521,n:1
870220,521,n:1
870230,521,n:1
870240,521,n:1
870290,521,n:1
870310,522,n:1
870321,51,n:1
870322,51,n:1
870323,51,n:1
870324,51,n:1
870331,51,n:1
870332,51,n:1
870333,51,n:1
870340,51,n:1
870350,51,n:1
870360,51,n:1
870370,51,n:1
870380,51,n:1
870390,51,n:1
870410,521,n:1
870421,521,n:1
870422,521,n:1
870423,521,n:1
870431,521,n:1
870432,521,n:1
870490,521,n:1
870510,521,n:1
870520,521,n:1
870530,521,n:1
870540,521,n:1
870590,521,n:1
870600,53,n:1
870710,53,n:1
870790,53,n:1
870810,53,n:1
870821,53,n:1
870829,53,n:1
870830,53,n:1
870840,53,n:1
870850,53,n:1
870870,53,n:1
870880,53,n:1
870891,53,n:1
870892,53,n:1
870893,53,n:1
870894,53,n:1
870895,53,n:1
870899,53,n:1
870911,41,n:1
870919,41,n:1
870990,42,n:1
871000,7,n:1
871110,522,n:1
871120,522,n:1
871130,522,n:1
871140,522,n:1
871150,522,n:1
871160,522,n:1
871190,522,n:1
871200,522,n:1
871310,522,n:1
871390,522,n:1
871410,53,n:1
871420,53,n:1
871491,53,n:1
871492,53,n:1
871493,53,n:1
871494,53,n:1
871495,53,n:1
871496,53,n:1
871499,53,n:1
871500,61,n:1
871610,522,n:1
871620,521,n:1
871631,521,n:1
871639,521,n:1
871640,521,n:1
871680,521,n:1
871690,53,n:1
880100,521,n:n
880100,522,n:n
880211,521,n:1
880212,521,n:1
880220,522,n:1
880230,521,n:1
880240,521,n:1
880260,521,n:1
880310,53,n:1
880320,53,n:1
880330,53,n:1
880390,53,n:1
880400,7,n:1
880510,7,n:1
880521,7,n:1
880529,7,n:1
890110,521,n:1
890120,521,n:1
890130,521,n:1
890190,521,n:1
890200,521,n:1
890310,522,n:1
890391,522,n:1
890392,522,n:1
890399,522,n:1
890400,521,n:1
890510,41,n:1
890520,41,n:1
890590,41,n:1
890610,7,n:1
890690,7,n:1
890710,522,n:1
890790,41,n:1
890800,21,n:1
900110,22,n:1
900120,22,n:1
900130,63,n:1
900140,22,n:1
900150,22,n:1
900190,22,n:1
900211,22,n:1
900219,22,n:1
900220,22,n:1
900290,22,n:1
900311,22,n:1
900319,22,n:1
900390,22,n:1
900410,62,n:1
900490,62,n:1
900510,61,n:1
900580,41,n:1
900590,42,n:1
900630,41,n:1
900640,41,n:1
900651,61,n:1
900652,41,n:n
900652,61,n:n
900653,41,n:n
900653,61,n:n
900659,41,n:n
900659,61,n:n
900661,42,n:1
900669,42,n:1
900691,22,n:1
900699,22,n:1
900710,41,n:n
900710,61,n:n
900720,41,n:1
900791,42,n:1
900792,42,n:1
900850,41,n:n
900850,61,n:n
900890,42,n:1
901010,41,n:1
901050,41,n:1
901060,41,n:1
901090,42,n:1
901110,41,n:1
901120,41,n:1
901180,41,n:1
901190,42,n:1
901210,41,n:1
901290,42,n:1
901310,41,n:1
901320,41,n:1
901380,41,n:1
901390,42,n:1
901410,41,n:1
901420,41,n:1
901480,41,n:1
901490,42,n:1
901510,41,n:1
901520,41,n:1
901530,41,n:1
901540,41,n:1
901580,41,n:1
901590,42,n:1
901600,41,n:1
901710,41,n:1
901720,41,n:1
901730,41,n:1
901780,41,n:1
901790,42,n:1
901811,41,n:1
901812,41,n:1
901813,41,n:1
901814,41,n:1
901819,41,n:1
901820,41,n:1
901831,22,n:1
901832,22,n:1
901839,22,n:1
901841,41,n:1
901849,41,n:1
901850,41,n:1
901890,41,n:1
901910,41,n:1
901920,41,n:1
902000,41,n:1
902110,62,n:1
902121,61,n:1
902129,61,n:1
902131,61,n:1
902139,61,n:1
902140,61,n:1
902150,61,n:1
902190,61,n:1
902212,41,n:1
902213,41,n:1
902214,41,n:1
902219,41,n:1
902221,41,n:1
902229,41,n:1
902230,42,n:1
902290,42,n:1
902300,41,n:1
902410,41,n:1
902480,41,n:1
902490,42,n:1
902511,41,n:1
902519,41,n:1
902580,41,n:1
902590,42,n:1
902610,41,n:1
902620,41,n:1
902680,41,n:1
902690,42,n:1
902710,41,n:1
902720,41,n:1
902730,41,n:1
902750,41,n:1
902780,41,n:1
902790,41,n:1
902810,41,n:1
902820,41,n:1
902830,41,n:1
902890,42,n:1
902910,41,n:1
902920,41,n:1
902990,42,n:1
903010,41,n:1
903020,41,n:1
903031,41,n:1
903032,41,n:1
903033,41,n:1
903039,41,n:1
903040,41,n:1
903082,41,n:1
903084,41,n:1
903089,41,n:1
903090,42,n:1
903110,41,n:1
903120,41,n:1
903141,41,n:1
903149,41,n:1
903180,41,n:1
903190,42,n:1
903210,41,n:1
903220,41,n:1
903281,41,n:1
903289,41,n:1
903290,42,n:1
903300,42,n:1
910111,61,n:1
910119,61,n:1
910121,61,n:1
910129,61,n:1
910191,61,n:1
910199,61,n:1
910211,61,n:1
910212,61,n:1
910219,61,n:1
910221,61,n:1
910229,61,n:1
910291,61,n:1
910299,61,n:1
910310,61,n:1
910390,61,n:1
910400,53,n:1
910511,61,n:1
910519,61,n:1
910521,61,n:1
910529,61,n:1
910591,61,n:1
910599,61,n:1
910610,41,n:1
910690,41,n:1
910700,41,n:1
910811,22,n:1
910812,22,n:1
910819,22,n:1
910820,22,n:1
910890,22,n:1
910910,22,n:1
910990,22,n:1
911011,22,n:1
911012,22,n:1
911019,22,n:1
911090,22,n:1
911110,22,n:1
911120,22,n:1
911180,22,n:1
911190,22,n:1
911220,22,n:1
911290,22,n:1
911310,62,n:1
911320,62,n:1
911390,62,n:1
911410,22,n:1
911430,22,n:1
911440,22,n:1
911490,22,n:1
920110,61,n:1
920120,61,n:1
920190,61,n:1
920210,61,n:1
920290,61,n:1
920510,61,n:1
920590,61,n:1
920600,61,n:1
920710,61,n:1
920790,61,n:1
920810,61,n:1
920890,61,n:1
920930,22,n:1
920991,22,n:1
920992,22,n:1
920994,22,n:1
920999,22,n:n
920999,61,n:n
930110,7,n:1
930120,7,n:1
930190,7,n:1
930200,7,n:1
930310,61,n:1
930320,61,n:1
930330,61,n:1
930390,41,n:1
930400,61,n:1
930510,7,n:1
930520,22,n:1
930591,7,n:1
930599,7,n:1
930621,22,n:1
930629,22,n:1
930630,42,n:n
930630,7,n:n
930690,7,n:1
930700,7,n:1
940110,53,n:1
940120,53,n:1
940130,41,n:1
940140,61,n:1
940152,62,n:1
940153,62,n:1
940159,62,n:1
940161,61,n:1
940169,61,n:1
940171,61,n:1
940179,61,n:1
940180,41,n:1
940190,22,n:1
940210,41,n:1
940290,41,n:1
940310,41,n:1
940320,41,n:1
940330,41,n:1
940340,61,n:1
940350,61,n:1
940360,61,n:1
940370,61,n:1
940382,22,n:1
940383,22,n:1
940389,22,n:1
940390,61,n:1
940410,62,n:1
940421,62,n:1
940429,62,n:1
940430,62,n:1
940490,62,n:1
940510,22,n:1
940520,62,n:1
940530,63,n:1
940540,22,n:1
940550,22,n:1
940560,22,n:1
940591,22,n:1
940592,22,n:1
940599,22,n:1
940610,22,n:1
940690,22,n:1
950300,22,n:n
950300,62,n:n
950300,63,n:n
950420,62,n:1
950430,41,n:1
950440,63,n:1
950450,41,n:n
950450,62,n:n
950490,41,n:1
950510,63,n:1
950590,63,n:1
950611,62,n:1
950612,62,n:1
950619,62,n:1
950621,62,n:1
950629,62,n:1
950631,62,n:1
950632,63,n:1
950639,62,n:1
950640,62,n:1
950651,62,n:1
950659,62,n:1
950661,63,n:1
950662,62,n:1
950669,62,n:1
950670,62,n:1
950691,62,n:1
950699,62,n:1
950710,62,n:1
950720,63,n:1
950730,62,n:1
950790,62,n:1
950810,41,n:1
950890,41,n:1
960110,62,n:1
960190,62,n:1
960200,62,n:1
960310,22,n:1
960321,63,n:1
960329,63,n:1
960330,63,n:1
960340,22,n:1
960350,22,n:1
960390,22,n:1
960400,22,n:1
960500,62,n:1
960610,22,n:1
960621,22,n:1
960622,22,n:1
960629,22,n:1
960630,22,n:1
960711,22,n:1
960719,22,n:1
960720,22,n:1
960810,63,n:1
960820,63,n:1
960830,63,n:1
960840,63,n:1
960850,63,n:1
960860,22,n:1
960891,22,n:1
960899,22,n:1
960910,63,n:1
960920,63,n:1
960990,63,n:1
961000,62,n:1
961100,22,n:1
961210,22,n:1
961220,22,n:1
961310,63,n:1
961320,62,n:1
961380,62,n:1
961390,22,n:1
961400,62,n:1
961511,62,n:1
961519,62,n:1
961590,62,n:1
961610,62,n:1
961620,63,n:1
961700,62,n:1
961800,41,n:1
961900,62,n:n
961900,63,n:n
962000,22,n:n
962000,42,n:n
962000,61,n:n
962000,62,n:n
970110,62,n:1
970190,63,n:1
970200,61,n:1
970300,61,n:1
970400,61,n:1
970500,61,n:1
970600,61,n:1
999999,7,n:1
