"SITC, Rev. 3",BEC,Relationship
00111,41,n to 1
00119,111,n to 1
00121,111,n to 1
00122,111,n to 1
00131,41,n to 1
00139,111,n to 1
00141,111,n to 1
00149,111,n to 1
00151,111,n to n
00151,41,n to n
00152,111,n to n
00152,41,n to n
0019,111,n to 1
01111,121,n to n
01111,122,n to n
01112,122,n to 1
01121,121,n to n
01121,122,n to n
01122,122,n to 1
01211,121,n to n
01211,122,n to n
01212,121,n to n
01212,122,n to n
01213,122,n to 1
01221,121,n to n
01221,122,n to n
01222,121,n to n
01222,122,n to n
01231,122,n to 1
01232,122,n to 1
01233,122,n to 1
01234,122,n to 1
01235,122,n to 1
01236,122,n to 1
0124,121,n to 1
01251,122,n to 1
01252,122,n to 1
01253,122,n to 1
01254,122,n to 1
01255,122,n to 1
01256,122,n to 1
01291,122,n to 1
01292,122,n to 1
01293,122,n to 1
01299,122,n to 1
01611,122,n to 1
01612,122,n to 1
01619,122,n to 1
01681,122,n to 1
01689,122,n to 1
0171,121,n to 1
0172,122,n to 1
0173,122,n to 1
0174,122,n to 1
0175,122,n to 1
0176,122,n to 1
0179,122,n to 1
02211,112,n to 1
02212,112,n to 1
02213,112,n to 1
02221,121,n to 1
02222,122,n to 1
02223,122,n to 1
02224,122,n to 1
02231,112,n to 1
02232,112,n to 1
02233,122,n to 1
02241,121,n to 1
02249,121,n to 1
0230,122,n to 1
0241,122,n to 1
0242,122,n to 1
0243,122,n to 1
02491,122,n to 1
02499,122,n to 1
0251,112,n to 1
02521,121,n to 1
02522,121,n to 1
0253,111,n to 1
03411,112,n to n
03411,63,n to n
03412,112,n to 1
03413,112,n to 1
03414,112,n to 1
03415,112,n to 1
03416,112,n to 1
03417,112,n to 1
03418,112,n to 1
03419,122,n to 1
03421,122,n to 1
03422,122,n to 1
03423,122,n to 1
03424,122,n to 1
03425,122,n to 1
03426,122,n to 1
03427,122,n to 1
03428,122,n to 1
03429,122,n to 1
0344,122,n to 1
03451,122,n to 1
03455,122,n to 1
03511,112,n to 1
03512,122,n to 1
03513,112,n to 1
03521,112,n to 1
03522,112,n to 1
03529,112,n to 1
0353,122,n to 1
0354,122,n to 1
0355,121,n to 1
03611,112,n to 1
03619,112,n to 1
0362,112,n to n
0362,122,n to n
03631,112,n to 1
03633,112,n to 1
03635,112,n to 1
03637,112,n to 1
03639,112,n to 1
03711,122,n to 1
03712,122,n to 1
03713,122,n to 1
03714,122,n to 1
03715,122,n to 1
03716,122,n to 1
03717,122,n to 1
03721,122,n to 1
03722,122,n to 1
0411,111,n to 1
0412,111,n to 1
0421,111,n to 1
0422,111,n to 1
04231,122,n to 1
04232,122,n to 1
0430,111,n to 1
0441,21,n to 1
0449,21,n to 1
0451,111,n to 1
0452,21,n to 1
0453,111,n to 1
04591,111,n to 1
04592,111,n to 1
04593,111,n to 1
04599,111,n to 1
0461,121,n to 1
0462,121,n to 1
04711,121,n to 1
04719,121,n to 1
04721,121,n to 1
04722,121,n to 1
04729,121,n to 1
04811,122,n to 1
04812,122,n to 1
04813,122,n to 1
04814,122,n to 1
04815,122,n to 1
0482,121,n to 1
0483,122,n to 1
04841,122,n to 1
04842,122,n to 1
04849,122,n to 1
0485,122,n to 1
0541,112,n to n
0541,21,n to n
05421,112,n to 1
05422,112,n to 1
05423,112,n to 1
05424,112,n to 1
05425,112,n to 1
05429,112,n to 1
0544,112,n to 1
05451,112,n to 1
05452,112,n to 1
05453,112,n to 1
05454,112,n to 1
05455,112,n to 1
05456,112,n to 1
05457,112,n to 1
05458,112,n to 1
05459,112,n to 1
05461,112,n to 1
05469,112,n to 1
0547,122,n to 1
05481,112,n to 1
05483,112,n to 1
05484,111,n to 1
05485,111,n to 1
05487,111,n to 1
05488,111,n to 1
05489,111,n to 1
05611,122,n to 1
05612,122,n to 1
05613,122,n to 1
05619,122,n to 1
05641,121,n to 1
05642,121,n to 1
05645,121,n to 1
05646,121,n to 1
05647,121,n to 1
05648,121,n to 1
05661,122,n to 1
05669,122,n to 1
05671,122,n to 1
05672,122,n to 1
05673,122,n to 1
05674,122,n to 1
05675,122,n to 1
05676,122,n to 1
05677,122,n to 1
05679,122,n to 1
05711,112,n to 1
05712,112,n to 1
05721,112,n to 1
05722,112,n to 1
05729,112,n to 1
0573,112,n to 1
0574,112,n to 1
05751,112,n to 1
05752,112,n to 1
0576,112,n to 1
05771,111,n to 1
05772,112,n to 1
05773,112,n to 1
05774,112,n to 1
05775,112,n to 1
05776,112,n to 1
05777,112,n to 1
05778,112,n to 1
05779,112,n to 1
05791,112,n to 1
05792,112,n to 1
05793,112,n to 1
05794,112,n to 1
05795,112,n to 1
05796,112,n to 1
05797,112,n to 1
05798,112,n to 1
05799,112,n to 1
0581,122,n to 1
05821,111,n to 1
05822,111,n to 1
05831,112,n to 1
05832,112,n to 1
05839,112,n to 1
05892,122,n to 1
05893,122,n to 1
05894,122,n to 1
05895,122,n to 1
05896,122,n to 1
05897,122,n to 1
0591,122,n to 1
0592,122,n to 1
0593,122,n to 1
05991,122,n to 1
05992,122,n to 1
05993,122,n to 1
05994,122,n to 1
05995,122,n to 1
05996,122,n to 1
06111,121,n to 1
06112,121,n to 1
06121,121,n to 1
06129,122,n to 1
06151,121,n to 1
06159,121,n to 1
0616,112,n to 1
06191,121,n to 1
06192,122,n to 1
06193,121,n to 1
06194,121,n to 1
06195,121,n to 1
06196,121,n to 1
06199,121,n to 1
0621,122,n to 1
06221,122,n to 1
06229,122,n to 1
07111,111,n to 1
07112,111,n to 1
07113,122,n to 1
0712,122,n to 1
07131,122,n to 1
07132,122,n to 1
07133,122,n to 1
0721,111,n to 1
0722,121,n to 1
07231,121,n to 1
07232,121,n to 1
0724,121,n to 1
0725,21,n to 1
0731,122,n to 1
0732,121,n to 1
0733,122,n to 1
0739,122,n to 1
07411,112,n to 1
07412,112,n to 1
07413,112,n to 1
07414,112,n to 1
07431,112,n to 1
07432,122,n to 1
07511,112,n to 1
07512,112,n to 1
07513,112,n to 1
07521,112,n to 1
07522,112,n to 1
07523,112,n to 1
07524,112,n to 1
07525,112,n to 1
07526,112,n to 1
07527,112,n to 1
07528,112,n to 1
07529,112,n to 1
08111,21,n to 1
08112,21,n to 1
08113,21,n to 1
08119,21,n to 1
08123,121,n to 1
08124,121,n to 1
08125,121,n to 1
08126,121,n to 1
08129,121,n to 1
08131,22,n to 1
08132,22,n to 1
08133,22,n to 1
08134,22,n to 1
08135,22,n to 1
08136,22,n to 1
08137,22,n to 1
08138,22,n to 1
08139,22,n to 1
08141,22,n to 1
08142,22,n to 1
08151,21,n to 1
08152,21,n to 1
08153,21,n to 1
08194,121,n to 1
08195,63,n to 1
08199,22,n to 1
09101,122,n to 1
09109,122,n to 1
09811,122,n to 1
09812,122,n to 1
09813,122,n to 1
09814,122,n to 1
09841,122,n to 1
09842,122,n to 1
09843,122,n to 1
09844,122,n to 1
09849,122,n to 1
0985,122,n to 1
0986,121,n to 1
09891,122,n to 1
09892,122,n to 1
09893,122,n to 1
09894,121,n to 1
09899,122,n to 1
11101,122,n to 1
11102,122,n to 1
11211,121,n to 1
11213,122,n to 1
11215,122,n to 1
11217,122,n to 1
1122,122,n to 1
1123,122,n to 1
11241,122,n to 1
11242,122,n to 1
11243,122,n to 1
11244,122,n to 1
11245,122,n to 1
11249,122,n to 1
1211,21,n to 1
1212,21,n to 1
1213,21,n to 1
1221,63,n to 1
1222,63,n to 1
12231,63,n to 1
12232,63,n to 1
12239,22,n to n
12239,63,n to n
21111,21,n to 1
21112,21,n to 1
21113,21,n to 1
2112,21,n to 1
2114,21,n to 1
2116,21,n to 1
2117,21,n to 1
21191,21,n to 1
21199,21,n to 1
2121,21,n to 1
21221,21,n to 1
21222,21,n to 1
21223,21,n to 1
21224,21,n to 1
21225,21,n to 1
21226,21,n to 1
21229,21,n to 1
2123,21,n to 1
22211,111,n to 1
22212,111,n to 1
2222,111,n to 1
2223,111,n to 1
2224,111,n to 1
2225,111,n to 1
22261,111,n to 1
22262,111,n to 1
2227,111,n to n
2227,21,n to n
2231,111,n to 1
2232,111,n to n
2232,21,n to n
2234,21,n to 1
2235,111,n to n
2235,21,n to n
2237,111,n to n
2237,21,n to n
2239,121,n to 1
2311,21,n to 1
23121,21,n to 1
23125,21,n to 1
23129,21,n to 1
2313,21,n to 1
23211,22,n to 1
23212,22,n to 1
23213,22,n to 1
23214,22,n to 1
23215,22,n to 1
23216,22,n to 1
23217,22,n to 1
23218,22,n to 1
23219,22,n to 1
23221,21,n to 1
23222,21,n to 1
24402,21,n to 1
24403,21,n to 1
24404,21,n to 1
24501,31,n to 1
24502,322,n to 1
24611,21,n to 1
24615,21,n to 1
2462,21,n to 1
2473,21,n to 1
2474,21,n to 1
24751,21,n to 1
24752,21,n to 1
24811,22,n to 1
24819,22,n to 1
2482,22,n to 1
2483,22,n to 1
2484,22,n to 1
2485,22,n to 1
25111,21,n to 1
25112,21,n to 1
25113,21,n to 1
25119,21,n to 1
2512,22,n to 1
2513,22,n to 1
25141,22,n to 1
25142,22,n to 1
25151,22,n to 1
25152,22,n to 1
25161,22,n to 1
25162,22,n to 1
25191,22,n to 1
25192,22,n to 1
2613,22,n to 1
26141,21,n to 1
26142,21,n to 1
26149,21,n to 1
2631,21,n to 1
2632,21,n to 1
26331,21,n to 1
26332,21,n to 1
26339,21,n to 1
2634,22,n to 1
2641,21,n to 1
2649,21,n to 1
26511,21,n to 1
26512,22,n to 1
26513,21,n to 1
26521,21,n to 1
26529,21,n to 1
26541,21,n to 1
26549,21,n to 1
26551,21,n to 1
26559,21,n to 1
26571,21,n to 1
26579,21,n to 1
26581,21,n to 1
26589,21,n to 1
26651,22,n to 1
26652,22,n to 1
26653,22,n to 1
26659,22,n to 1
26661,22,n to 1
26662,22,n to 1
26663,22,n to 1
26669,22,n to 1
26671,22,n to 1
26672,22,n to 1
26673,22,n to 1
26679,22,n to 1
26711,22,n to 1
26712,22,n to 1
26713,22,n to 1
26721,21,n to 1
26722,21,n to 1
26811,21,n to 1
26819,21,n to 1
26821,21,n to 1
26829,21,n to 1
2683,21,n to 1
26851,21,n to 1
26859,21,n to 1
26862,21,n to 1
26863,21,n to 1
26869,21,n to 1
26871,22,n to 1
26873,22,n to 1
26877,22,n to 1
26901,21,n to 1
26902,21,n to 1
2721,21,n to 1
2722,21,n to 1
27231,21,n to 1
27232,21,n to 1
2724,21,n to n
2724,22,n to n
27311,21,n to 1
27312,21,n to 1
27313,21,n to 1
27322,21,n to 1
27323,21,n to 1
27324,22,n to 1
27331,21,n to 1
27339,21,n to 1
2734,21,n to 1
27411,21,n to 1
27419,21,n to 1
2742,21,n to 1
27711,21,n to 1
27719,22,n to 1
27721,21,n to 1
27722,21,n to 1
27729,21,n to 1
27822,21,n to 1
27823,21,n to 1
27824,21,n to 1
27825,21,n to 1
27826,21,n to 1
27827,21,n to 1
27829,21,n to 1
2783,21,n to 1
2784,21,n to 1
27851,21,n to 1
27852,21,n to 1
27853,21,n to 1
27854,21,n to 1
27855,21,n to 1
27861,21,n to 1
27862,21,n to 1
27869,21,n to 1
27891,21,n to 1
27892,21,n to 1
27893,21,n to 1
27894,21,n to 1
27895,21,n to 1
27896,21,n to 1
27897,21,n to 1
27898,21,n to 1
27899,21,n to 1
2814,21,n to 1
2815,21,n to 1
2816,21,n to 1
2821,21,n to 1
28221,21,n to 1
28229,21,n to 1
28231,21,n to 1
28232,21,n to 1
28233,21,n to 1
28239,21,n to 1
2831,21,n to 1
28321,22,n to 1
28322,22,n to 1
2841,21,n to 1
28421,22,n to 1
28422,22,n to 1
2851,21,n to 1
2852,22,n to 1
2861,21,n to 1
2862,21,n to 1
2874,21,n to 1
2875,21,n to 1
2876,21,n to 1
2877,21,n to 1
28781,21,n to 1
28782,21,n to 1
28783,21,n to 1
28784,21,n to 1
28785,21,n to 1
28791,21,n to 1
28792,21,n to 1
28793,21,n to 1
28799,21,n to 1
2881,21,n to 1
28821,21,n to 1
28822,21,n to 1
28823,21,n to 1
28824,21,n to 1
28825,21,n to 1
28826,21,n to 1
28911,21,n to 1
28919,21,n to 1
28921,21,n to 1
28929,21,n to 1
29111,21,n to 1
29115,21,n to 1
29116,21,n to 1
29191,21,n to 1
29192,21,n to 1
29193,21,n to 1
29194,21,n to 1
29195,21,n to 1
29196,21,n to 1
29197,21,n to 1
29198,21,n to 1
29199,21,n to 1
29221,21,n to 1
29222,21,n to 1
29229,21,n to 1
29231,21,n to 1
29232,21,n to 1
29239,21,n to 1
29241,21,n to 1
29242,21,n to 1
29249,21,n to 1
29251,21,n to 1
29252,21,n to 1
29253,21,n to 1
29254,21,n to 1
29259,21,n to 1
29261,21,n to 1
29269,21,n to 1
29271,63,n to 1
29272,21,n to 1
29292,21,n to 1
29293,21,n to 1
29294,21,n to 1
29295,21,n to 1
29296,22,n to 1
29297,21,n to 1
29299,21,n to 1
3211,31,n to 1
32121,31,n to 1
32122,31,n to 1
3221,322,n to 1
32221,31,n to 1
32222,322,n to 1
3223,31,n to 1
3250,322,n to 1
3330,31,n to 1
33411,21,n to n
33411,32,n to n
33412,21,n to n
33412,32,n to n
33419,21,n to n
33419,32,n to n
33421,21,n to n
33421,32,n to n
33429,21,n to n
33429,32,n to n
3343,21,n to n
3343,32,n to n
3344,21,n to n
3344,32,n to n
3345,21,n to n
3345,32,n to n
33511,22,n to 1
33512,22,n to 1
33521,22,n to 1
33522,22,n to 1
33523,22,n to 1
33524,22,n to 1
33525,22,n to 1
33531,22,n to 1
33532,22,n to 1
33541,22,n to 1
33542,22,n to 1
33543,22,n to 1
3421,322,n to 1
3425,322,n to 1
3431,322,n to 1
3432,31,n to 1
3441,322,n to 1
3442,322,n to 1
3449,31,n to 1
3450,322,n to 1
3510,322,n to 1
41111,22,n to 1
41112,121,n to 1
41113,121,n to 1
4112,22,n to 1
41131,121,n to 1
41132,22,n to 1
41133,22,n to 1
41134,22,n to 1
41135,22,n to 1
41139,22,n to 1
42111,121,n to 1
42119,122,n to 1
42121,121,n to 1
42129,121,n to 1
42131,121,n to 1
42139,122,n to 1
42141,122,n to 1
42142,122,n to 1
42149,121,n to 1
42151,121,n to 1
42159,122,n to 1
42161,121,n to 1
42169,122,n to 1
42171,121,n to 1
42179,122,n to 1
4218,121,n to 1
42211,22,n to 1
42219,22,n to 1
42221,121,n to 1
42229,121,n to 1
42231,121,n to 1
42239,121,n to 1
42241,121,n to 1
42249,121,n to 1
4225,22,n to 1
42291,22,n to 1
42299,22,n to 1
4311,22,n to 1
43121,121,n to 1
43122,121,n to 1
43131,22,n to 1
43133,21,n to 1
43141,22,n to 1
43142,22,n to 1
51111,22,n to 1
51112,22,n to 1
51113,22,n to 1
51114,22,n to 1
51119,22,n to 1
51121,22,n to 1
51122,22,n to 1
51123,22,n to 1
51124,22,n to 1
51125,22,n to 1
51126,22,n to 1
51127,22,n to 1
51129,22,n to 1
51131,22,n to 1
51132,22,n to 1
51133,22,n to 1
51134,22,n to 1
51135,22,n to 1
51136,22,n to 1
51137,22,n to 1
51138,22,n to 1
51139,22,n to 1
5114,22,n to 1
51211,22,n to 1
51212,22,n to 1
51213,22,n to 1
51214,22,n to 1
51215,22,n to 1
51216,22,n to 1
51217,22,n to 1
51219,22,n to 1
51221,22,n to 1
51222,22,n to 1
51223,22,n to 1
51224,22,n to 1
51225,22,n to 1
51229,22,n to 1
51231,22,n to 1
51235,22,n to 1
51241,22,n to 1
51242,22,n to 1
51243,22,n to 1
51244,22,n to 1
51371,22,n to 1
51372,22,n to 1
51373,22,n to 1
51374,22,n to 1
51375,22,n to 1
51376,22,n to 1
51377,22,n to 1
51378,22,n to 1
51379,22,n to 1
51381,22,n to 1
51382,22,n to 1
51383,22,n to 1
51384,22,n to 1
51385,22,n to 1
51389,22,n to 1
51391,22,n to 1
51392,22,n to 1
51393,22,n to 1
51394,22,n to 1
51395,22,n to 1
51396,22,n to 1
51451,22,n to 1
51452,22,n to 1
51453,22,n to 1
51454,22,n to 1
51455,22,n to 1
51461,22,n to 1
51462,22,n to 1
51463,22,n to 1
51464,22,n to 1
51465,22,n to 1
51467,22,n to 1
51471,22,n to 1
51473,22,n to 1
51479,22,n to 1
51481,22,n to 1
51482,22,n to 1
51483,22,n to 1
51484,22,n to 1
51485,22,n to 1
51486,22,n to 1
51489,22,n to 1
51541,22,n to 1
51542,22,n to 1
51543,22,n to 1
51544,22,n to 1
51549,22,n to 1
5155,22,n to 1
51561,22,n to 1
51562,22,n to 1
51563,22,n to 1
51569,22,n to 1
51571,22,n to 1
51572,22,n to 1
51573,22,n to 1
51574,22,n to 1
51575,22,n to 1
51576,22,n to 1
51577,22,n to 1
51578,22,n to 1
51579,22,n to 1
5158,22,n to 1
51612,22,n to 1
51613,22,n to 1
51614,22,n to 1
51615,22,n to 1
51616,22,n to 1
51617,22,n to 1
51621,22,n to 1
51622,22,n to 1
51623,22,n to 1
51624,22,n to 1
51625,22,n to 1
51626,22,n to 1
51627,22,n to 1
51628,22,n to 1
51629,22,n to 1
51631,22,n to 1
51639,22,n to 1
51691,121,n to n
51691,22,n to n
51692,22,n to 1
51699,22,n to 1
5221,22,n to 1
52221,22,n to 1
52222,22,n to 1
52223,22,n to 1
52224,22,n to 1
52225,22,n to 1
52226,22,n to 1
52227,22,n to 1
52228,22,n to 1
52229,22,n to 1
52231,22,n to 1
52232,22,n to 1
52233,22,n to 1
52234,22,n to 1
52235,22,n to 1
52236,22,n to 1
52237,22,n to 1
52238,22,n to 1
52239,22,n to 1
52241,22,n to 1
52242,22,n to 1
52251,22,n to 1
52252,22,n to 1
52253,22,n to 1
52254,22,n to 1
52255,22,n to 1
52256,22,n to 1
52257,22,n to 1
52261,22,n to 1
52262,22,n to 1
52263,22,n to 1
52264,22,n to 1
52265,22,n to 1
52266,22,n to 1
52267,22,n to 1
52268,22,n to 1
52269,22,n to 1
5231,22,n to 1
52321,22,n to 1
52322,22,n to 1
52329,22,n to 1
52331,22,n to 1
52332,22,n to 1
52339,22,n to 1
52341,22,n to 1
52342,22,n to 1
52343,22,n to 1
52344,22,n to 1
52345,22,n to 1
52349,22,n to 1
52351,22,n to 1
52352,22,n to 1
52359,22,n to 1
52361,22,n to 1
52362,22,n to 1
52363,22,n to 1
52364,22,n to 1
52365,22,n to 1
52371,22,n to 1
52372,22,n to 1
52373,22,n to 1
52374,22,n to 1
52375,22,n to 1
52379,22,n to 1
52381,22,n to 1
52382,22,n to 1
52383,22,n to 1
52384,22,n to 1
52389,22,n to 1
52431,22,n to 1
52432,22,n to 1
52491,22,n to 1
52492,22,n to 1
52493,22,n to 1
52494,22,n to 1
52495,22,n to 1
52499,22,n to 1
52511,22,n to 1
52513,22,n to 1
52515,22,n to 1
52517,21,n to 1
52519,22,n to 1
52591,22,n to 1
52595,22,n to 1
53111,22,n to 1
53112,22,n to 1
53113,22,n to 1
53114,22,n to 1
53115,22,n to 1
53116,22,n to 1
53117,22,n to 1
53119,22,n to 1
53121,22,n to 1
53122,22,n to 1
53221,22,n to 1
53222,22,n to 1
53231,22,n to 1
53232,22,n to 1
53311,22,n to 1
53312,22,n to 1
53313,22,n to 1
53314,22,n to 1
53315,22,n to 1
53316,22,n to 1
53317,22,n to 1
53318,22,n to 1
53321,22,n to 1
53329,22,n to 1
53341,22,n to 1
53342,22,n to 1
53343,22,n to 1
53344,22,n to 1
53351,22,n to 1
53352,63,n to 1
53353,22,n to 1
53354,22,n to 1
53355,22,n to 1
54111,22,n to 1
54112,22,n to 1
54113,22,n to 1
54114,22,n to 1
54115,22,n to 1
54116,22,n to 1
54117,22,n to 1
54131,22,n to 1
54132,22,n to 1
54133,22,n to 1
54139,22,n to 1
54141,22,n to 1
54142,22,n to 1
54143,22,n to 1
54144,22,n to 1
54145,22,n to 1
54146,22,n to 1
54147,22,n to 1
54149,22,n to 1
54151,22,n to 1
54152,22,n to 1
54153,22,n to 1
54159,22,n to 1
54161,22,n to 1
54162,21,n to n
54162,22,n to n
54162,62,n to n
54162,63,n to n
54163,21,n to n
54163,22,n to n
54163,62,n to n
54163,63,n to n
54164,21,n to n
54164,22,n to n
54164,62,n to n
54164,63,n to n
54191,21,n to n
54191,22,n to n
54191,62,n to n
54191,63,n to n
54192,21,n to n
54192,22,n to n
54192,62,n to n
54192,63,n to n
54193,21,n to n
54193,22,n to n
54193,62,n to n
54193,63,n to n
54199,21,n to n
54199,22,n to n
54199,62,n to n
54199,63,n to n
54211,21,n to n
54211,22,n to n
54211,62,n to n
54211,63,n to n
54212,21,n to n
54212,22,n to n
54212,62,n to n
54212,63,n to n
54213,21,n to n
54213,22,n to n
54213,62,n to n
54213,63,n to n
54219,21,n to n
54219,22,n to n
54219,62,n to n
54219,63,n to n
54221,21,n to n
54221,22,n to n
54221,62,n to n
54221,63,n to n
54222,21,n to n
54222,22,n to n
54222,62,n to n
54222,63,n to n
54223,21,n to n
54223,22,n to n
54223,62,n to n
54223,63,n to n
54224,21,n to n
54224,22,n to n
54224,62,n to n
54224,63,n to n
54229,21,n to n
54229,22,n to n
54229,62,n to n
54229,63,n to n
54231,21,n to n
54231,22,n to n
54231,62,n to n
54231,63,n to n
54232,21,n to n
54232,22,n to n
54232,62,n to n
54232,63,n to n
54291,21,n to n
54291,22,n to n
54291,62,n to n
54291,63,n to n
54292,21,n to n
54292,22,n to n
54292,62,n to n
54292,63,n to n
54293,21,n to n
54293,22,n to n
54293,62,n to n
54293,63,n to n
55131,22,n to 1
55132,22,n to 1
55133,22,n to 1
55135,22,n to 1
55141,22,n to 1
55149,22,n to 1
5531,63,n to 1
5532,63,n to 1
5533,63,n to 1
5534,63,n to 1
55351,63,n to 1
55352,63,n to 1
55353,63,n to 1
55354,63,n to 1
55359,63,n to 1
55411,63,n to 1
55415,63,n to 1
55419,63,n to 1
55421,22,n to 1
55422,63,n to 1
55423,22,n to 1
55431,63,n to 1
55432,63,n to 1
55433,63,n to 1
55434,63,n to 1
55435,63,n to 1
56211,22,n to 1
56212,22,n to 1
56213,22,n to 1
56214,22,n to 1
56215,22,n to 1
56216,22,n to 1
56217,22,n to 1
56219,22,n to 1
56221,22,n to 1
56222,22,n to 1
56229,22,n to 1
56231,22,n to 1
56232,22,n to 1
56239,21,n to n
56239,22,n to n
56291,22,n to 1
56292,22,n to 1
56293,22,n to 1
56294,22,n to 1
56295,22,n to 1
56296,22,n to 1
56299,22,n to 1
57111,22,n to 1
57112,22,n to 1
5712,22,n to 1
5719,22,n to 1
57211,22,n to 1
57219,22,n to 1
57291,22,n to 1
57292,22,n to 1
57299,22,n to 1
57311,22,n to 1
57312,22,n to 1
57313,22,n to 1
57391,22,n to 1
57392,22,n to 1
57393,22,n to 1
57394,22,n to 1
57399,22,n to 1
57411,22,n to 1
57419,22,n to 1
5742,22,n to 1
57431,22,n to 1
57432,22,n to 1
57433,22,n to 1
57434,22,n to 1
57439,22,n to 1
57511,22,n to 1
57512,22,n to 1
57513,22,n to 1
57519,22,n to 1
57521,22,n to 1
57529,22,n to 1
57531,22,n to 1
57539,22,n to 1
57541,22,n to 1
57542,22,n to 1
57543,22,n to 1
57544,22,n to 1
57545,22,n to 1
57551,22,n to 1
57552,22,n to 1
57553,22,n to 1
57554,22,n to 1
57559,22,n to 1
57591,22,n to 1
57592,22,n to 1
57593,22,n to 1
57594,22,n to 1
57595,22,n to 1
57596,22,n to 1
57597,22,n to 1
5791,21,n to 1
5792,21,n to 1
5793,21,n to 1
5799,21,n to 1
5811,22,n to 1
5812,22,n to 1
5813,22,n to 1
5814,22,n to 1
5815,22,n to 1
5816,22,n to 1
5817,22,n to 1
58211,22,n to 1
58219,22,n to 1
58221,21,n to n
58221,22,n to n
58221,62,n to n
58221,63,n to n
58222,21,n to n
58222,22,n to n
58222,62,n to n
58222,63,n to n
58223,21,n to n
58223,22,n to n
58223,62,n to n
58223,63,n to n
58224,21,n to n
58224,22,n to n
58224,62,n to n
58224,63,n to n
58225,21,n to n
58225,22,n to n
58225,62,n to n
58225,63,n to n
58226,21,n to n
58226,22,n to n
58226,62,n to n
58226,63,n to n
58227,21,n to n
58227,22,n to n
58227,62,n to n
58227,63,n to n
58228,21,n to n
58228,22,n to n
58228,62,n to n
58228,63,n to n
58229,21,n to n
58229,22,n to n
58229,62,n to n
58229,63,n to n
58291,21,n to n
58291,22,n to n
58291,62,n to n
58291,63,n to n
58299,22,n to 1
5831,22,n to 1
5832,22,n to 1
5839,22,n to 1
5911,63,n to 1
5912,63,n to 1
5913,63,n to 1
59141,63,n to 1
59149,63,n to 1
59211,22,n to 1
59212,22,n to 1
59213,22,n to 1
59214,22,n to 1
59215,22,n to 1
59216,22,n to 1
59217,121,n to 1
59221,22,n to 1
59222,22,n to 1
59223,22,n to 1
59224,22,n to 1
59225,22,n to 1
59226,22,n to 1
59227,22,n to 1
59229,22,n to n
59229,63,n to n
59311,22,n to 1
59312,22,n to 1
5932,22,n to 1
59331,22,n to 1
59333,22,n to 1
59721,22,n to 1
59725,22,n to 1
59729,22,n to 1
59731,22,n to 1
59733,22,n to 1
59771,322,n to 1
59772,322,n to 1
59773,322,n to 1
59774,322,n to 1
59811,22,n to 1
59812,22,n to 1
59813,22,n to 1
59814,22,n to 1
59818,22,n to 1
59831,22,n to 1
59835,22,n to 1
59839,22,n to 1
59841,22,n to 1
59845,22,n to 1
5985,22,n to 1
59861,22,n to 1
59863,22,n to 1
59864,22,n to 1
59865,22,n to 1
59867,22,n to 1
59869,22,n to 1
59881,22,n to 1
59883,22,n to 1
59885,22,n to 1
59889,22,n to 1
59891,22,n to 1
59893,22,n to 1
59894,22,n to 1
59895,22,n to 1
59896,22,n to 1
59897,22,n to 1
59898,22,n to 1
59899,21,n to n
59899,22,n to n
59899,62,n to n
59899,63,n to n
6112,22,n to 1
6113,21,n to n
6113,22,n to n
61141,21,n to n
61141,22,n to n
61142,22,n to 1
61151,22,n to 1
61152,22,n to 1
61161,22,n to 1
61162,22,n to 1
61171,22,n to 1
61172,22,n to 1
61179,22,n to 1
61181,22,n to 1
61183,22,n to 1
6121,42,n to n
6121,62,n to n
6122,62,n to 1
6129,42,n to n
6129,62,n to n
61311,22,n to 1
61312,22,n to 1
61313,22,n to 1
61319,22,n to 1
6132,22,n to 1
6133,22,n to 1
62111,22,n to 1
62112,22,n to 1
62119,22,n to 1
62121,22,n to 1
62129,22,n to 1
62131,22,n to 1
62132,22,n to 1
62133,22,n to 1
62141,22,n to 1
62142,22,n to 1
62143,22,n to 1
62144,22,n to 1
62145,22,n to 1
6251,53,n to 1
6252,53,n to 1
6253,53,n to 1
62541,53,n to 1
62542,53,n to 1
62551,53,n to 1
62559,53,n to 1
62591,53,n to 1
62592,53,n to 1
62593,53,n to 1
62594,53,n to 1
62911,63,n to 1
62919,22,n to 1
62921,42,n to 1
62929,42,n to 1
62991,22,n to 1
62992,63,n to 1
62999,22,n to n
62999,63,n to n
63311,22,n to 1
63319,22,n to 1
63321,22,n to 1
63329,22,n to 1
63411,22,n to 1
63412,22,n to 1
63421,22,n to 1
63422,22,n to 1
63423,22,n to 1
63431,22,n to 1
63439,22,n to 1
63441,22,n to 1
63449,22,n to 1
63451,22,n to 1
63452,22,n to 1
63453,22,n to 1
63459,22,n to 1
63491,21,n to 1
63493,22,n to 1
63511,22,n to 1
63512,22,n to 1
6352,22,n to 1
63531,22,n to 1
63532,22,n to 1
63533,22,n to 1
63539,22,n to 1
63541,62,n to 1
63542,62,n to 1
63549,62,n to 1
63591,22,n to 1
63599,22,n to n
63599,62,n to n
6411,22,n to 1
64121,22,n to 1
64122,22,n to 1
64123,22,n to 1
64124,22,n to 1
64125,22,n to 1
64126,22,n to 1
64127,22,n to 1
64129,22,n to 1
64131,22,n to 1
64132,22,n to 1
64133,22,n to 1
64134,22,n to 1
64141,22,n to n
64141,61,n to n
64142,22,n to n
64142,61,n to n
64146,22,n to n
64146,61,n to n
64147,22,n to n
64147,61,n to n
64148,22,n to n
64148,61,n to n
64151,22,n to n
64151,61,n to n
64152,22,n to n
64152,61,n to n
64153,22,n to n
64153,61,n to n
64154,22,n to n
64154,61,n to n
64155,22,n to 1
64156,22,n to n
64156,61,n to n
64157,22,n to n
64157,61,n to n
64158,22,n to n
64158,61,n to n
64159,22,n to n
64159,61,n to n
64161,22,n to n
64161,61,n to n
64162,22,n to n
64162,61,n to n
64163,22,n to 1
64164,22,n to n
64164,61,n to n
64169,22,n to n
64169,61,n to n
64171,22,n to n
64171,61,n to n
64172,22,n to n
64172,61,n to n
64173,22,n to n
64173,61,n to n
64174,22,n to 1
64175,22,n to 1
64176,22,n to 1
64177,22,n to 1
64178,22,n to 1
64179,22,n to n
64179,61,n to n
64191,22,n to n
64191,61,n to n
64192,22,n to n
64192,61,n to n
64193,22,n to 1
64194,22,n to 1
64211,22,n to 1
64212,22,n to 1
64213,22,n to 1
64214,22,n to 1
64215,22,n to 1
64216,22,n to 1
64221,63,n to 1
64222,63,n to 1
64223,63,n to 1
64231,22,n to 1
64232,63,n to 1
64233,22,n to 1
64234,22,n to 1
64235,63,n to 1
64239,22,n to 1
64241,22,n to n
64241,63,n to n
64242,22,n to 1
64243,63,n to 1
64244,22,n to n
64244,61,n to n
64245,22,n to 1
64248,22,n to n
64248,61,n to n
64291,22,n to 1
64292,22,n to n
64292,61,n to n
64293,63,n to 1
64294,63,n to 1
64295,63,n to 1
64299,22,n to n
64299,61,n to n
65112,22,n to 1
65113,22,n to 1
65114,22,n to 1
65115,22,n to 1
65116,63,n to 1
65117,22,n to 1
65118,22,n to 1
65119,63,n to 1
65121,22,n to 1
65122,63,n to 1
65131,63,n to 1
65132,63,n to 1
65133,22,n to 1
65134,22,n to 1
65141,22,n to 1
65142,22,n to 1
65143,22,n to 1
65144,22,n to 1
65151,22,n to 1
65152,22,n to 1
65159,22,n to 1
65161,63,n to 1
65162,22,n to 1
65163,22,n to 1
65164,22,n to 1
65169,22,n to 1
65171,63,n to 1
65172,22,n to 1
65173,22,n to 1
65174,22,n to 1
65175,22,n to 1
65176,22,n to 1
65177,22,n to 1
65181,63,n to 1
65182,22,n to 1
65183,63,n to 1
65184,22,n to 1
65185,63,n to 1
65186,22,n to 1
65187,22,n to 1
65188,22,n to 1
65191,22,n to 1
65192,22,n to 1
65193,22,n to 1
65194,63,n to 1
65195,22,n to 1
65196,22,n to 1
65197,22,n to 1
65199,22,n to 1
65211,22,n to 1
65212,22,n to 1
65213,22,n to 1
65214,22,n to 1
65215,22,n to 1
65221,22,n to 1
65222,22,n to 1
65223,22,n to 1
65224,22,n to 1
65225,22,n to 1
65226,22,n to 1
65231,22,n to 1
65232,22,n to 1
65233,22,n to 1
65234,22,n to 1
65241,22,n to 1
65242,22,n to 1
65243,22,n to 1
65244,22,n to 1
65245,22,n to 1
65251,22,n to 1
65252,22,n to 1
65253,22,n to 1
65254,22,n to 1
65261,22,n to 1
65262,22,n to 1
65263,22,n to 1
65264,22,n to 1
65265,22,n to 1
65291,22,n to 1
65292,22,n to 1
65293,22,n to 1
65294,22,n to 1
65295,22,n to 1
65296,22,n to 1
65297,22,n to 1
65298,22,n to 1
65311,22,n to 1
65312,22,n to 1
65313,22,n to 1
65314,22,n to 1
65315,22,n to 1
65316,22,n to 1
65317,22,n to 1
65318,22,n to 1
65319,22,n to 1
65321,22,n to 1
65325,22,n to 1
65329,22,n to 1
65331,22,n to 1
65332,22,n to 1
65333,22,n to 1
65334,22,n to 1
65341,22,n to 1
65342,22,n to 1
65343,22,n to 1
65351,22,n to 1
65352,22,n to 1
65359,22,n to 1
6536,22,n to 1
65381,22,n to 1
65382,22,n to 1
65383,22,n to 1
65389,22,n to 1
65391,22,n to 1
65393,22,n to 1
65411,22,n to 1
65413,22,n to 1
65419,22,n to 1
65421,22,n to 1
65422,22,n to 1
65431,22,n to 1
65432,22,n to 1
65433,22,n to 1
65434,22,n to 1
65435,22,n to 1
65441,22,n to 1
65442,22,n to 1
6545,22,n to 1
6546,22,n to 1
65491,22,n to 1
65492,22,n to 1
65493,22,n to 1
65494,22,n to 1
65495,22,n to 1
65496,22,n to 1
65497,22,n to 1
65511,22,n to 1
65512,22,n to 1
65519,22,n to 1
65521,21,n to n
65521,22,n to n
65521,62,n to n
65521,63,n to n
65522,22,n to 1
65523,21,n to n
65523,22,n to n
65523,62,n to n
65523,63,n to n
65529,22,n to 1
65611,22,n to 1
65612,22,n to 1
65613,22,n to 1
65614,22,n to 1
65621,22,n to 1
65629,22,n to 1
65631,22,n to 1
65632,22,n to 1
65641,22,n to 1
65642,22,n to 1
65643,22,n to 1
65651,22,n to 1
65659,22,n to 1
65711,22,n to 1
65712,22,n to 1
65719,22,n to 1
6572,22,n to 1
65731,22,n to 1
65732,22,n to 1
65733,22,n to 1
65734,22,n to 1
65735,22,n to 1
6574,22,n to 1
65751,22,n to 1
65752,22,n to 1
65759,22,n to 1
65761,22,n to 1
65762,22,n to 1
65771,22,n to n
65771,63,n to n
65772,22,n to 1
65773,42,n to 1
65781,22,n to 1
65785,22,n to 1
65789,22,n to 1
65791,42,n to 1
65792,42,n to 1
65793,22,n to 1
65811,22,n to 1
65812,22,n to 1
65813,22,n to 1
65819,22,n to 1
65821,22,n to 1
65822,62,n to 1
65823,62,n to 1
65824,62,n to 1
65829,62,n to 1
65831,62,n to 1
65832,62,n to 1
65833,62,n to 1
65839,62,n to 1
65841,62,n to 1
65842,62,n to 1
65843,62,n to 1
65844,62,n to 1
65845,62,n to 1
65846,62,n to 1
65847,62,n to 1
65848,62,n to 1
65851,62,n to 1
65852,62,n to 1
65859,62,n to 1
65891,62,n to 1
65892,62,n to 1
65893,62,n to 1
65899,62,n to 1
65911,22,n to n
65911,61,n to n
65912,61,n to 1
65921,61,n to 1
65929,61,n to 1
6593,61,n to 1
65941,61,n to 1
65942,61,n to 1
65943,61,n to 1
65949,61,n to 1
65951,61,n to 1
65952,61,n to 1
65959,61,n to 1
65961,61,n to 1
65969,61,n to 1
66111,22,n to 1
66112,22,n to 1
66113,22,n to 1
66121,22,n to 1
66122,22,n to 1
66123,22,n to 1
66129,22,n to 1
66131,22,n to 1
66132,22,n to 1
66133,22,n to 1
66134,22,n to 1
66135,22,n to 1
66136,22,n to 1
66139,22,n to 1
66181,22,n to 1
66182,22,n to 1
66183,22,n to 1
66231,22,n to 1
66232,22,n to 1
66233,22,n to 1
66241,22,n to 1
66242,22,n to 1
66243,22,n to 1
66244,22,n to 1
66245,22,n to 1
66311,22,n to 1
66312,22,n to 1
66313,63,n to 1
66321,22,n to 1
66322,22,n to 1
66329,22,n to 1
66331,22,n to 1
66332,22,n to 1
66333,22,n to 1
66334,22,n to 1
66335,22,n to 1
66336,22,n to 1
66337,22,n to 1
66338,22,n to 1
66339,22,n to 1
66351,22,n to 1
66352,22,n to 1
66353,22,n to 1
6637,22,n to 1
66381,22,n to 1
66382,22,n to 1
66391,22,n to n
66391,62,n to n
66399,22,n to 1
66411,21,n to 1
66412,22,n to 1
66431,22,n to 1
66439,22,n to 1
66441,22,n to 1
66442,22,n to 1
66451,22,n to 1
66452,22,n to 1
66453,22,n to 1
66471,22,n to 1
66472,22,n to 1
66481,22,n to 1
66489,22,n to 1
66491,22,n to 1
66492,22,n to 1
66493,22,n to 1
66494,22,n to 1
66495,22,n to 1
66496,22,n to 1
66511,22,n to 1
66512,22,n to 1
66521,62,n to 1
66522,62,n to 1
66523,62,n to 1
66529,62,n to 1
66591,22,n to 1
66592,22,n to 1
66593,22,n to 1
66594,22,n to 1
66595,22,n to 1
66599,22,n to 1
66611,62,n to 1
66612,62,n to 1
66613,62,n to 1
66621,62,n to 1
66629,62,n to 1
66711,21,n to 1
66712,21,n to 1
66713,22,n to 1
66721,21,n to 1
66722,21,n to 1
66729,22,n to 1
66731,21,n to 1
66739,22,n to 1
66741,22,n to 1
66742,22,n to 1
66749,22,n to 1
67121,22,n to 1
67122,22,n to 1
67123,22,n to 1
67131,22,n to 1
67132,22,n to 1
67133,22,n to 1
67141,22,n to 1
67149,22,n to 1
67151,22,n to 1
67152,22,n to 1
67153,22,n to 1
67154,22,n to 1
67155,22,n to 1
67159,22,n to 1
67241,22,n to 1
67245,22,n to 1
67247,22,n to 1
67249,22,n to 1
67261,22,n to 1
67262,22,n to 1
67269,22,n to 1
6727,22,n to 1
67281,22,n to 1
67282,22,n to 1
67311,22,n to 1
67312,22,n to 1
67313,22,n to 1
67314,22,n to 1
67315,22,n to 1
67316,22,n to 1
67317,22,n to 1
67319,22,n to 1
67321,22,n to 1
67322,22,n to 1
67323,22,n to 1
67324,22,n to 1
67325,22,n to 1
67326,22,n to 1
67327,22,n to 1
67329,22,n to 1
67331,22,n to 1
67332,22,n to 1
67333,22,n to 1
67334,22,n to 1
67335,22,n to 1
67336,22,n to 1
67337,22,n to 1
67338,22,n to 1
67339,22,n to 1
67341,22,n to 1
67342,22,n to 1
67343,22,n to 1
67344,22,n to 1
67345,22,n to 1
67346,22,n to 1
67347,22,n to 1
67348,22,n to 1
67349,22,n to 1
67351,22,n to 1
67352,22,n to 1
67353,22,n to 1
67411,22,n to 1
67412,22,n to 1
67413,22,n to 1
67414,22,n to 1
67421,22,n to 1
67422,22,n to 1
67431,22,n to 1
67432,22,n to 1
67441,22,n to 1
67442,22,n to 1
67443,22,n to 1
67444,22,n to 1
67451,22,n to 1
67452,22,n to 1
67511,22,n to 1
67512,22,n to 1
67521,22,n to 1
67522,22,n to 1
67531,22,n to 1
67532,22,n to 1
67533,22,n to 1
67534,22,n to 1
67535,22,n to 1
67536,22,n to 1
67537,22,n to 1
67538,22,n to 1
67541,22,n to 1
67542,22,n to 1
67543,22,n to 1
67551,22,n to 1
67552,22,n to 1
67553,22,n to 1
67554,22,n to 1
67555,22,n to 1
67556,22,n to 1
67561,22,n to 1
67562,22,n to 1
67571,22,n to 1
67572,22,n to 1
67573,22,n to 1
67574,22,n to 1
67611,22,n to 1
67612,22,n to 1
67613,22,n to 1
67614,22,n to 1
67615,22,n to 1
67617,22,n to 1
67619,22,n to 1
67621,22,n to 1
67622,22,n to 1
67623,22,n to 1
67624,22,n to 1
67625,22,n to 1
67629,22,n to 1
67631,22,n to 1
67632,22,n to 1
67633,22,n to 1
67634,22,n to 1
67639,22,n to 1
67641,22,n to 1
67642,22,n to 1
67643,22,n to 1
67644,22,n to 1
67645,22,n to 1
67646,22,n to 1
67647,22,n to 1
67648,22,n to 1
67681,22,n to 1
67682,22,n to 1
67683,22,n to 1
67684,22,n to 1
67685,22,n to 1
67686,22,n to 1
67687,22,n to 1
67688,22,n to 1
67701,22,n to 1
67709,22,n to 1
67811,22,n to 1
67812,22,n to 1
67813,22,n to 1
67821,22,n to 1
67829,22,n to 1
67911,22,n to 1
67912,22,n to 1
67913,22,n to 1
67914,22,n to 1
67915,22,n to 1
67916,22,n to 1
67917,22,n to 1
67931,22,n to 1
67932,22,n to 1
67933,22,n to 1
67939,22,n to 1
67941,22,n to 1
67942,22,n to 1
67943,22,n to 1
67944,22,n to 1
67949,22,n to 1
67951,22,n to 1
67952,22,n to 1
67953,22,n to 1
67954,22,n to 1
67955,22,n to 1
67956,22,n to 1
67959,22,n to 1
68112,22,n to 1
68113,22,n to 1
68114,22,n to 1
68122,22,n to 1
68123,22,n to 1
68124,22,n to 1
68125,22,n to 1
68211,22,n to 1
68212,22,n to 1
68213,22,n to 1
68214,22,n to 1
68231,22,n to 1
68232,22,n to 1
68241,22,n to 1
68242,22,n to 1
68251,22,n to 1
68252,22,n to 1
68261,22,n to 1
68262,22,n to 1
68271,22,n to 1
68272,22,n to 1
68311,22,n to 1
68312,22,n to 1
68321,22,n to 1
68322,22,n to 1
68323,22,n to 1
68324,22,n to 1
68411,22,n to 1
68412,22,n to 1
68421,22,n to 1
68422,22,n to 1
68423,22,n to 1
68424,22,n to 1
68425,22,n to 1
68426,22,n to 1
68427,22,n to 1
68511,22,n to 1
68512,22,n to 1
68521,22,n to 1
68522,22,n to 1
68524,22,n to 1
68611,22,n to 1
68612,22,n to 1
68631,22,n to 1
68632,22,n to 1
68633,22,n to 1
68634,22,n to 1
68711,22,n to 1
68712,22,n to 1
68721,22,n to 1
68722,22,n to 1
68723,22,n to 1
68724,22,n to 1
68911,21,n to n
68911,22,n to n
68912,21,n to n
68912,22,n to n
68913,21,n to n
68913,22,n to n
68914,21,n to 1
68915,22,n to 1
68981,21,n to n
68981,22,n to n
68982,21,n to n
68982,22,n to n
68983,21,n to n
68983,22,n to n
68984,21,n to n
68984,22,n to n
68991,21,n to n
68991,22,n to n
68992,22,n to 1
68993,21,n to n
68993,22,n to n
68994,22,n to 1
68995,21,n to n
68995,22,n to n
68996,21,n to n
68996,22,n to n
68997,21,n to n
68997,22,n to n
68998,21,n to n
68998,22,n to n
68999,22,n to 1
69111,22,n to 1
69112,22,n to 1
69113,22,n to 1
69114,22,n to 1
69119,22,n to 1
69121,22,n to 1
69129,22,n to 1
69211,41,n to 1
69212,41,n to 1
69241,41,n to 1
69242,41,n to 1
69243,41,n to 1
69244,41,n to 1
69311,22,n to 1
69312,22,n to 1
69313,22,n to 1
6932,22,n to 1
69351,22,n to 1
69352,22,n to n
69352,61,n to n
6941,22,n to 1
69421,22,n to 1
69422,22,n to 1
69431,22,n to 1
69432,22,n to 1
69433,22,n to 1
6944,22,n to 1
6951,41,n to 1
69521,41,n to 1
69522,41,n to 1
69523,41,n to 1
6953,41,n to 1
69541,41,n to 1
69542,41,n to 1
69543,41,n to 1
69544,41,n to 1
69545,62,n to 1
69546,41,n to 1
69547,41,n to 1
69548,41,n to 1
69549,41,n to 1
69551,42,n to 1
69552,42,n to 1
69553,42,n to 1
69554,42,n to 1
69555,42,n to 1
69559,42,n to 1
69561,42,n to 1
69562,42,n to 1
69563,42,n to 1
69564,42,n to 1
6957,41,n to 1
69631,63,n to 1
69635,63,n to 1
69638,63,n to 1
6964,62,n to 1
69651,62,n to 1
69655,62,n to 1
69659,62,n to 1
69661,62,n to 1
69662,62,n to 1
69663,62,n to 1
69669,62,n to 1
6968,42,n to n
6968,62,n to n
69731,61,n to 1
69732,61,n to 1
69733,22,n to 1
69734,22,n to n
69734,61,n to n
69734,62,n to n
69741,62,n to 1
69742,61,n to n
69742,62,n to n
69743,62,n to 1
69744,62,n to 1
69751,22,n to 1
69752,22,n to 1
69753,22,n to 1
69781,61,n to 1
69782,62,n to 1
69911,22,n to 1
69912,41,n to 1
69913,22,n to 1
69914,22,n to 1
69915,53,n to 1
69916,22,n to 1
69917,22,n to 1
69919,22,n to 1
69921,22,n to 1
69922,22,n to 1
69931,63,n to 1
69932,63,n to 1
69933,22,n to 1
69941,22,n to 1
69942,22,n to n
69942,61,n to n
69951,22,n to 1
69952,22,n to 1
69953,22,n to 1
69954,22,n to 1
69955,22,n to 1
69961,53,n to 1
69962,22,n to 1
69963,22,n to 1
69965,22,n to 1
69967,22,n to 1
69969,22,n to 1
69971,22,n to 1
69973,22,n to n
69973,61,n to n
69973,62,n to n
69975,22,n to 1
69976,22,n to 1
69977,22,n to 1
69978,22,n to 1
69979,22,n to 1
69981,22,n to 1
69983,22,n to 1
69985,22,n to 1
69987,22,n to 1
69991,22,n to 1
69992,22,n to 1
69993,22,n to 1
69994,22,n to 1
69995,22,n to 1
69999,22,n to 1
71111,41,n to 1
71112,41,n to 1
71121,41,n to 1
71122,41,n to 1
71191,42,n to 1
71192,42,n to 1
71211,41,n to 1
71219,41,n to 1
7128,42,n to 1
71311,53,n to 1
71319,53,n to 1
71321,53,n to 1
71322,53,n to 1
71323,53,n to 1
71331,522,n to 1
71332,53,n to 1
71333,53,n to 1
71381,41,n to 1
71382,41,n to 1
71391,53,n to 1
71392,53,n to 1
71441,53,n to 1
71449,53,n to 1
71481,53,n to 1
71489,53,n to 1
71491,53,n to 1
71499,53,n to 1
7161,41,n to 1
7162,41,n to 1
71631,41,n to 1
71632,41,n to 1
7164,41,n to 1
71651,41,n to 1
71652,41,n to 1
7169,42,n to 1
71811,41,n to 1
71819,42,n to 1
71871,41,n to 1
71877,41,n to 1
71878,42,n to 1
71891,41,n to 1
71892,41,n to 1
71893,41,n to 1
71899,42,n to 1
72111,41,n to 1
72112,41,n to 1
72113,41,n to 1
72118,41,n to 1
72119,42,n to 1
72121,61,n to 1
72122,41,n to 1
72123,41,n to 1
72126,41,n to 1
72127,41,n to 1
72129,42,n to 1
72131,41,n to 1
72138,41,n to 1
72139,42,n to 1
72191,41,n to 1
72195,41,n to 1
72196,41,n to 1
72198,42,n to 1
72199,42,n to 1
7223,41,n to 1
72241,41,n to 1
72249,41,n to 1
72311,41,n to 1
72312,41,n to 1
72321,41,n to 1
72322,41,n to 1
72329,41,n to 1
72331,41,n to 1
72333,41,n to 1
72335,41,n to 1
72337,41,n to 1
72339,41,n to 1
72341,41,n to 1
72342,41,n to 1
72343,41,n to 1
72344,41,n to 1
72345,41,n to 1
72346,41,n to 1
72347,41,n to 1
72348,41,n to 1
72391,42,n to 1
72392,42,n to 1
72393,42,n to 1
72399,42,n to 1
72433,61,n to 1
72435,41,n to 1
72439,42,n to 1
72441,41,n to 1
72442,41,n to 1
72443,41,n to 1
72449,42,n to 1
72451,41,n to 1
72452,41,n to 1
72453,41,n to 1
72454,41,n to 1
72455,41,n to 1
72461,42,n to 1
72467,42,n to 1
72468,42,n to 1
72471,41,n to 1
72472,41,n to 1
72473,41,n to 1
72474,41,n to 1
72481,41,n to 1
72483,41,n to 1
72485,41,n to 1
72488,42,n to 1
72491,42,n to 1
72492,42,n to 1
72511,41,n to 1
72512,41,n to 1
72521,41,n to 1
72523,41,n to 1
72525,41,n to 1
72527,41,n to 1
72529,41,n to 1
72591,42,n to 1
72599,42,n to 1
72631,41,n to 1
72635,42,n to 1
72651,41,n to 1
72655,41,n to 1
72659,41,n to 1
72661,41,n to 1
72663,41,n to 1
72665,41,n to 1
72667,41,n to 1
72668,41,n to n
72668,42,n to n
72681,41,n to 1
72689,42,n to 1
72691,42,n to 1
72699,41,n to n
72699,42,n to n
72711,41,n to 1
72719,42,n to 1
72721,41,n to 1
72722,41,n to 1
72729,42,n to 1
72811,41,n to 1
72812,41,n to 1
72819,42,n to 1
72831,41,n to 1
72832,41,n to 1
72833,41,n to 1
72834,41,n to 1
72839,42,n to 1
72841,41,n to 1
72842,41,n to 1
72843,41,n to 1
72844,41,n to 1
72846,41,n to 1
72847,41,n to 1
72849,41,n to n
72849,61,n to n
72851,42,n to 1
72852,42,n to 1
72853,42,n to 1
72855,22,n to n
72855,42,n to n
73111,41,n to 1
73112,41,n to 1
73113,41,n to 1
73114,41,n to 1
73121,41,n to 1
73122,41,n to 1
73123,41,n to 1
73131,41,n to 1
73135,41,n to 1
73137,41,n to 1
73139,41,n to 1
73141,41,n to 1
73142,41,n to 1
73143,41,n to 1
73144,41,n to 1
73145,41,n to 1
73146,41,n to 1
73151,41,n to 1
73152,41,n to 1
73153,41,n to 1
73154,41,n to 1
73157,41,n to 1
73161,41,n to 1
73162,41,n to 1
73163,41,n to 1
73164,41,n to 1
73165,41,n to 1
73166,41,n to 1
73167,41,n to 1
73169,41,n to 1
73171,41,n to 1
73173,41,n to 1
73175,41,n to 1
73177,41,n to 1
73178,41,n to 1
73179,41,n to 1
73311,41,n to 1
73312,41,n to 1
73313,41,n to 1
73314,41,n to 1
73315,41,n to 1
73316,41,n to 1
73317,41,n to 1
73318,41,n to 1
73391,41,n to 1
73393,41,n to 1
73395,41,n to 1
73399,41,n to 1
73511,42,n to 1
73513,42,n to 1
73515,42,n to 1
73591,42,n to 1
73595,42,n to 1
73711,41,n to 1
73712,41,n to 1
73719,42,n to 1
73721,41,n to 1
73729,42,n to 1
73731,41,n to 1
73732,41,n to 1
73733,41,n to 1
73734,41,n to 1
73735,41,n to 1
73736,41,n to 1
73737,41,n to 1
73739,42,n to 1
73741,41,n to 1
73742,41,n to 1
73743,41,n to 1
73749,42,n to 1
74121,41,n to 1
74123,41,n to 1
74125,41,n to 1
74128,42,n to 1
74131,41,n to 1
74132,41,n to 1
74133,41,n to 1
74134,41,n to 1
74135,42,n to 1
74136,41,n to 1
74137,41,n to 1
74138,41,n to 1
74139,42,n to 1
74143,41,n to 1
74145,41,n to 1
74149,42,n to 1
74151,61,n to 1
74155,41,n to n
74155,53,n to n
74159,42,n to 1
74171,41,n to 1
74172,42,n to 1
74173,41,n to 1
74174,41,n to 1
74175,41,n to 1
74181,41,n to 1
74182,41,n to 1
74183,41,n to 1
74184,41,n to 1
74185,41,n to 1
74186,41,n to 1
74187,41,n to 1
74189,41,n to 1
7419,42,n to 1
74211,41,n to 1
74219,41,n to 1
7422,41,n to 1
7423,41,n to 1
7424,41,n to 1
7425,41,n to 1
7426,41,n to 1
74271,41,n to 1
74275,41,n to 1
74291,42,n to 1
74295,42,n to 1
74311,41,n to 1
74313,41,n to 1
74315,41,n to 1
74317,41,n to 1
74319,41,n to 1
74341,61,n to 1
74343,41,n to 1
74345,61,n to 1
74351,41,n to 1
74355,41,n to 1
74359,41,n to 1
74361,41,n to 1
74362,41,n to 1
74363,41,n to 1
74364,41,n to 1
74367,41,n to 1
74369,41,n to 1
7438,42,n to 1
74391,42,n to 1
74395,42,n to 1
74411,41,n to 1
74412,41,n to 1
74413,41,n to 1
74414,41,n to 1
74415,41,n to 1
74419,42,n to 1
74421,41,n to 1
74423,41,n to 1
74425,41,n to 1
74431,41,n to 1
74432,41,n to 1
74433,41,n to 1
74434,41,n to 1
74435,41,n to 1
74437,41,n to 1
74439,41,n to 1
74441,41,n to 1
74443,41,n to 1
74449,41,n to 1
74471,41,n to 1
74472,41,n to 1
74473,41,n to 1
74474,41,n to 1
74479,41,n to 1
74481,41,n to 1
74485,41,n to 1
74489,41,n to 1
74491,42,n to 1
74492,42,n to 1
74493,42,n to 1
74494,42,n to 1
74511,41,n to 1
74512,41,n to 1
74519,42,n to 1
74521,41,n to 1
74523,41,n to 1
74527,41,n to 1
74529,42,n to 1
74531,41,n to 1
74532,62,n to 1
74539,42,n to 1
74561,41,n to 1
74562,41,n to 1
74563,41,n to 1
74564,41,n to 1
74565,41,n to 1
74568,42,n to 1
74591,41,n to 1
74593,42,n to 1
74595,41,n to 1
74597,42,n to 1
7461,42,n to 1
7462,42,n to 1
7463,42,n to 1
7464,42,n to 1
7465,42,n to 1
7468,42,n to 1
74691,42,n to 1
74699,42,n to 1
7471,42,n to 1
7472,42,n to 1
7473,42,n to 1
7474,42,n to 1
7478,42,n to 1
7479,42,n to 1
7481,42,n to 1
74821,42,n to 1
74822,42,n to 1
74831,22,n to 1
74832,22,n to 1
74839,22,n to 1
7484,42,n to 1
7485,42,n to 1
7486,42,n to 1
7489,42,n to 1
74911,41,n to 1
74912,41,n to 1
74913,41,n to 1
74914,41,n to 1
74915,41,n to 1
74916,41,n to 1
74917,41,n to 1
74918,41,n to 1
74919,41,n to 1
7492,42,n to 1
74991,42,n to 1
74999,42,n to 1
75113,41,n to 1
75115,41,n to 1
75116,41,n to 1
75118,41,n to 1
75119,41,n to 1
75121,62,n to 1
75122,41,n to 1
75123,41,n to 1
75124,41,n to 1
75128,41,n to 1
75131,41,n to 1
75132,41,n to 1
75133,41,n to 1
75134,41,n to 1
75135,41,n to 1
75191,41,n to 1
75192,41,n to 1
75193,41,n to 1
75199,41,n to 1
7521,41,n to 1
7522,41,n to 1
7523,41,n to 1
7526,41,n to n
7526,61,n to n
7527,41,n to 1
7529,41,n to 1
7591,41,n to n
7591,42,n to n
75991,42,n to 1
75993,41,n to n
75993,42,n to n
75995,41,n to n
75995,42,n to n
75997,41,n to n
75997,42,n to n
7611,41,n to n
7611,61,n to n
7612,41,n to n
7612,61,n to n
76211,53,n to 1
76212,53,n to 1
76221,61,n to 1
76222,61,n to 1
76281,41,n to 1
76282,41,n to 1
76289,41,n to 1
76331,41,n to n
76331,61,n to n
76333,41,n to n
76333,61,n to n
76335,61,n to 1
76381,41,n to n
76381,61,n to n
76382,41,n to n
76382,61,n to n
76383,41,n to n
76383,61,n to n
76384,41,n to n
76384,61,n to n
76384,62,n to n
76411,41,n to n
76411,62,n to n
76413,41,n to 1
76415,41,n to 1
76417,41,n to 1
76419,41,n to 1
76421,41,n to 1
76422,41,n to 1
76423,41,n to 1
76424,41,n to 1
76425,41,n to 1
76426,41,n to 1
76431,41,n to 1
76432,41,n to n
76432,62,n to n
76481,41,n to 1
76482,41,n to n
76482,61,n to n
76483,41,n to 1
76491,41,n to n
76491,42,n to n
76492,42,n to 1
76493,42,n to 1
76499,42,n to 1
77111,41,n to 1
77119,41,n to 1
77121,41,n to 1
77123,41,n to 1
77125,41,n to 1
77129,42,n to 1
7722,42,n to 1
77231,42,n to 1
77232,42,n to 1
77233,42,n to 1
77235,42,n to 1
77238,42,n to 1
77241,42,n to 1
77242,42,n to 1
77243,42,n to 1
77244,42,n to 1
77245,42,n to 1
77249,42,n to 1
77251,42,n to 1
77252,42,n to 1
77253,42,n to 1
77254,42,n to 1
77255,42,n to 1
77257,42,n to 1
77258,42,n to 1
77259,42,n to 1
77261,42,n to 1
77262,42,n to 1
77281,42,n to 1
77282,42,n to 1
77311,22,n to 1
77312,22,n to 1
77313,53,n to 1
77314,22,n to 1
77315,22,n to 1
77317,22,n to 1
77318,22,n to 1
77322,42,n to 1
77323,42,n to 1
77324,42,n to 1
77326,22,n to 1
77328,22,n to 1
77329,22,n to 1
77411,41,n to 1
77412,41,n to 1
77413,41,n to 1
77421,41,n to 1
77422,41,n to 1
77423,42,n to 1
77429,42,n to 1
77511,61,n to 1
77512,61,n to 1
77521,61,n to 1
77522,61,n to 1
7753,61,n to 1
77541,61,n to 1
77542,61,n to 1
77549,22,n to 1
77571,41,n to n
77571,61,n to n
77572,61,n to 1
77573,41,n to n
77573,61,n to n
77579,22,n to n
77579,42,n to n
77581,22,n to 1
77582,61,n to 1
77583,41,n to n
77583,61,n to n
77584,61,n to 1
77585,62,n to 1
77586,61,n to 1
77587,61,n to 1
77588,22,n to 1
77589,22,n to 1
77611,42,n to 1
77612,42,n to 1
77621,42,n to 1
77623,42,n to 1
77625,42,n to 1
77627,42,n to 1
77629,42,n to 1
77631,42,n to 1
77632,42,n to 1
77633,42,n to 1
77635,42,n to 1
77637,42,n to 1
77639,42,n to 1
77641,41,n to n
77641,42,n to n
77641,62,n to n
77643,42,n to 1
77645,42,n to 1
77649,21,n to n
77649,42,n to n
77681,42,n to 1
77688,42,n to 1
77689,41,n to n
77689,42,n to n
77689,62,n to n
77811,63,n to 1
77812,21,n to n
77812,42,n to n
77812,53,n to n
77817,22,n to 1
77819,22,n to 1
77821,42,n to n
77821,63,n to n
77822,42,n to 1
77823,53,n to 1
77824,42,n to 1
77829,22,n to 1
77831,53,n to 1
77833,53,n to 1
77834,53,n to 1
77835,22,n to 1
77841,41,n to 1
77843,41,n to 1
77845,41,n to 1
77848,41,n to n
77848,42,n to n
77861,41,n to 1
77862,41,n to 1
77863,41,n to 1
77864,41,n to 1
77865,41,n to 1
77866,41,n to 1
77867,41,n to 1
77868,41,n to 1
77869,42,n to 1
77871,41,n to 1
77878,41,n to n
77878,42,n to n
77878,62,n to n
77879,41,n to n
77879,42,n to n
77879,62,n to n
77881,41,n to 1
77882,41,n to 1
77883,42,n to 1
77884,41,n to 1
77885,42,n to 1
77886,42,n to 1
77889,21,n to n
77889,42,n to n
7811,522,n to 1
7812,51,1 to 1
78211,521,n to 1
78219,521,n to 1
78221,521,n to 1
78223,521,n to 1
78225,521,n to 1
78227,521,n to 1
78229,521,n to 1
78311,521,n to 1
78319,521,n to 1
7832,521,n to 1
7841,53,n to 1
78421,53,n to 1
78425,53,n to 1
78431,53,n to 1
78432,53,n to 1
78433,53,n to 1
78434,53,n to 1
78435,53,n to 1
78436,53,n to 1
78439,53,n to 1
78511,522,n to 1
78513,522,n to 1
78515,522,n to 1
78516,522,n to 1
78517,522,n to 1
78519,522,n to 1
7852,522,n to 1
78531,522,n to 1
78535,53,n to 1
78536,53,n to 1
78537,53,n to 1
7861,522,n to 1
78621,521,n to 1
78622,521,n to 1
78629,521,n to 1
7863,521,n to 1
78683,521,n to 1
78685,521,n to 1
78689,53,n to 1
79111,521,n to 1
79115,521,n to 1
79121,521,n to 1
79129,521,n to 1
7916,521,n to 1
7917,521,n to 1
79181,521,n to 1
79182,521,n to 1
79191,41,n to 1
79199,53,n to 1
79211,521,n to 1
79215,521,n to 1
7922,522,n to 1
7923,521,n to 1
7924,521,n to 1
7925,521,n to 1
79281,521,n to n
79281,522,n to n
79282,521,n to n
79282,522,n to n
79283,7,n to 1
79291,53,n to 1
79293,53,n to 1
79295,53,n to 1
79297,53,n to 1
79311,522,n to 1
79312,522,n to 1
79319,522,n to 1
79322,521,n to 1
79324,521,n to 1
79326,521,n to 1
79327,521,n to 1
79328,521,n to 1
79329,7,n to 1
7933,21,n to 1
79351,41,n to 1
79355,41,n to 1
79359,41,n to 1
7937,521,n to 1
79391,522,n to 1
79399,41,n to 1
8110,22,n to 1
81211,41,n to 1
81215,41,n to 1
81217,41,n to 1
81219,42,n to 1
81221,22,n to 1
81229,22,n to 1
81311,22,n to 1
81312,22,n to 1
81313,62,n to 1
81315,22,n to 1
81317,22,n to 1
8132,22,n to 1
8138,22,n to 1
81391,22,n to 1
81392,22,n to 1
81399,22,n to 1
82111,53,n to 1
82112,53,n to 1
82113,62,n to 1
82114,41,n to 1
82115,61,n to 1
82116,61,n to 1
82117,61,n to 1
82118,41,n to 1
82119,22,n to 1
82121,62,n to 1
82123,62,n to 1
82125,62,n to 1
82127,62,n to 1
82129,62,n to 1
82131,41,n to 1
82139,41,n to 1
82151,41,n to 1
82153,61,n to 1
82155,61,n to 1
82159,61,n to 1
82171,61,n to 1
82179,22,n to 1
8218,61,n to 1
83111,62,n to 1
83112,62,n to 1
83119,62,n to 1
83121,62,n to 1
83122,62,n to 1
83129,62,n to 1
8313,62,n to 1
83191,62,n to 1
83199,62,n to 1
84111,62,n to 1
84112,62,n to 1
84119,62,n to 1
84121,62,n to 1
84122,62,n to 1
84123,62,n to 1
8413,62,n to 1
8414,62,n to 1
84151,62,n to 1
84159,62,n to 1
84161,63,n to 1
84162,63,n to 1
84169,63,n to 1
84211,62,n to 1
84219,62,n to 1
84221,62,n to 1
84222,62,n to 1
8423,62,n to 1
8424,62,n to 1
8425,62,n to 1
8426,62,n to 1
8427,62,n to 1
84281,63,n to 1
84282,63,n to 1
84289,63,n to 1
8431,62,n to 1
84321,62,n to 1
84322,62,n to 1
84323,62,n to 1
84324,62,n to 1
84371,62,n to 1
84379,62,n to 1
84381,63,n to 1
84382,63,n to 1
84389,63,n to 1
8441,62,n to 1
84421,62,n to 1
84422,62,n to 1
84423,62,n to 1
84424,62,n to 1
84425,62,n to 1
84426,62,n to 1
8447,62,n to 1
84481,63,n to 1
84482,63,n to 1
84483,63,n to 1
84489,63,n to 1
84511,62,n to 1
84512,62,n to 1
84521,62,n to 1
84522,62,n to 1
84523,62,n to 1
84524,62,n to 1
8453,62,n to 1
8454,63,n to 1
84551,63,n to 1
84552,63,n to 1
84561,62,n to 1
84562,62,n to 1
84563,62,n to 1
84564,62,n to 1
84581,62,n to 1
84587,62,n to 1
84589,62,n to 1
84591,62,n to 1
84592,62,n to 1
84599,62,n to 1
84611,63,n to 1
84612,63,n to 1
84613,63,n to 1
84614,63,n to 1
84619,63,n to 1
84621,63,n to 1
84622,63,n to 1
84629,63,n to 1
84691,63,n to 1
84692,63,n to 1
84693,62,n to 1
84694,62,n to n
84694,63,n to n
84699,62,n to n
84699,63,n to n
84811,62,n to 1
84812,62,n to 1
84813,62,n to 1
84819,62,n to 1
84821,63,n to 1
84822,22,n to n
84822,63,n to n
84829,63,n to 1
84831,62,n to 1
84832,62,n to 1
84841,62,n to 1
84842,62,n to 1
84843,62,n to 1
84844,62,n to 1
84845,62,n to 1
84848,22,n to 1
84849,62,n to 1
85111,62,n to 1
85113,62,n to 1
85115,62,n to 1
85121,62,n to 1
85122,62,n to 1
85123,62,n to 1
85124,62,n to 1
85125,62,n to 1
85131,62,n to 1
85132,62,n to 1
85141,62,n to 1
85142,62,n to 1
85148,62,n to 1
85149,62,n to 1
85151,62,n to 1
85152,62,n to 1
85159,62,n to 1
8517,62,n to 1
8519,62,n to 1
87111,61,n to 1
87115,41,n to 1
87119,42,n to 1
87131,41,n to 1
87139,42,n to 1
87141,41,n to 1
87143,41,n to 1
87145,41,n to 1
87149,42,n to 1
87191,41,n to 1
87192,41,n to 1
87193,41,n to 1
87199,42,n to 1
87211,41,n to 1
87219,41,n to 1
87221,21,n to n
87221,22,n to n
87225,41,n to 1
87229,41,n to 1
87231,41,n to 1
87233,41,n to 1
87235,41,n to 1
8724,41,n to 1
87311,41,n to 1
87313,41,n to 1
87315,41,n to 1
87319,42,n to 1
87321,41,n to 1
87325,41,n to 1
87329,42,n to 1
87411,41,n to 1
87412,42,n to 1
87413,41,n to 1
87414,42,n to 1
87422,41,n to 1
87423,41,n to 1
87424,42,n to 1
87425,41,n to 1
87426,42,n to 1
87431,41,n to 1
87435,41,n to 1
87437,41,n to 1
87439,42,n to 1
87441,41,n to 1
87442,41,n to 1
87443,41,n to 1
87444,41,n to 1
87445,41,n to 1
87446,41,n to 1
87449,41,n to 1
87451,41,n to 1
87452,41,n to 1
87453,41,n to 1
87454,42,n to 1
87455,41,n to 1
87456,42,n to 1
87461,41,n to 1
87463,41,n to 1
87465,41,n to 1
87469,42,n to 1
87471,41,n to 1
87473,41,n to 1
87475,41,n to 1
87477,41,n to 1
87478,41,n to 1
87479,42,n to 1
8749,42,n to 1
88111,41,n to n
88111,61,n to n
88112,42,n to 1
88113,42,n to 1
88114,22,n to 1
88115,22,n to 1
88121,41,n to n
88121,61,n to n
88122,41,n to 1
88123,42,n to 1
88124,42,n to 1
88131,41,n to 1
88132,41,n to n
88132,61,n to n
88133,41,n to 1
88134,42,n to 1
88135,41,n to 1
88136,42,n to 1
8821,22,n to 1
8822,22,n to 1
8823,22,n to n
8823,63,n to n
8824,22,n to 1
8825,22,n to 1
8826,22,n to 1
8831,22,n to 1
8839,22,n to 1
88411,63,n to 1
88415,22,n to 1
88417,22,n to 1
88419,22,n to 1
88421,22,n to 1
88422,22,n to 1
88423,62,n to 1
88431,22,n to 1
88432,22,n to 1
88433,22,n to 1
88439,22,n to 1
88531,61,n to 1
88532,61,n to 1
88539,61,n to 1
88541,61,n to 1
88542,61,n to 1
88549,61,n to 1
88551,22,n to 1
88552,22,n to 1
88571,53,n to 1
88572,61,n to 1
88573,61,n to 1
88574,61,n to 1
88575,61,n to 1
88576,61,n to 1
88577,61,n to 1
88578,61,n to 1
88579,61,n to 1
88591,22,n to 1
88592,62,n to 1
88593,62,n to 1
88594,41,n to 1
88595,41,n to 1
88596,22,n to 1
88597,22,n to 1
88598,22,n to 1
88599,22,n to 1
89111,7,n to 1
89112,7,n to 1
89113,7,n to 1
89114,7,n to 1
89121,42,n to n
89121,7,n to n
89122,22,n to 1
89123,22,n to 1
89124,42,n to n
89124,7,n to n
89129,7,n to 1
89131,41,n to n
89131,61,n to n
89139,61,n to 1
89191,7,n to 1
89193,22,n to 1
89195,22,n to 1
89199,7,n to 1
89212,63,n to 1
89213,63,n to 1
89214,62,n to n
89214,63,n to n
89215,63,n to 1
89216,63,n to 1
89219,63,n to 1
89221,63,n to 1
89229,63,n to 1
89241,22,n to n
89241,63,n to n
89242,63,n to 1
89281,22,n to 1
89282,22,n to 1
89283,22,n to 1
89284,63,n to 1
89285,62,n to 1
89286,22,n to 1
89287,63,n to 1
89289,22,n to 1
89311,22,n to 1
89319,22,n to 1
89321,22,n to n
89321,62,n to n
89329,22,n to n
89329,62,n to n
89331,22,n to 1
89332,62,n to 1
89394,22,n to 1
89395,22,n to 1
89399,21,n to n
89399,22,n to n
89399,62,n to n
89399,63,n to n
8941,61,n to 1
89421,22,n to n
89421,62,n to n
89421,63,n to n
89422,22,n to n
89422,62,n to n
89422,63,n to n
89423,22,n to n
89423,62,n to n
89423,63,n to n
89424,22,n to n
89424,62,n to n
89424,63,n to n
89425,22,n to n
89425,62,n to n
89425,63,n to n
89426,22,n to n
89426,62,n to n
89426,63,n to n
89427,22,n to n
89427,62,n to n
89427,63,n to n
89429,22,n to n
89429,62,n to n
89429,63,n to n
89431,62,n to 1
89433,62,n to 1
89435,41,n to 1
89437,63,n to 1
89439,41,n to 1
89441,63,n to 1
89445,63,n to 1
89449,63,n to 1
8946,41,n to 1
89471,62,n to n
89471,63,n to n
89472,62,n to 1
89473,62,n to 1
89474,62,n to 1
89475,62,n to n
89475,63,n to n
89476,62,n to 1
89477,62,n to 1
89478,62,n to 1
89479,62,n to n
89479,63,n to n
89511,41,n to 1
89512,22,n to 1
89521,22,n to n
89521,63,n to n
89522,22,n to 1
89523,63,n to 1
89591,22,n to 1
89592,62,n to 1
89593,22,n to 1
89594,22,n to 1
89611,62,n to 1
89612,63,n to 1
8962,61,n to 1
8963,61,n to 1
8964,61,n to 1
8965,61,n to 1
8966,61,n to 1
89721,62,n to 1
89729,62,n to 1
89731,61,n to 1
89732,61,n to 1
89733,61,n to 1
89741,41,n to 1
89749,41,n to 1
89813,61,n to 1
89815,61,n to 1
89821,61,n to 1
89822,61,n to 1
89823,61,n to 1
89824,61,n to 1
89825,61,n to 1
89826,61,n to 1
89829,61,n to 1
89841,42,n to n
89841,62,n to n
89843,42,n to n
89843,62,n to n
89845,42,n to n
89845,62,n to n
89851,42,n to n
89851,62,n to n
89859,41,n to n
89859,42,n to n
89859,62,n to n
89861,42,n to n
89861,62,n to n
89865,42,n to n
89865,62,n to n
89867,42,n to n
89867,62,n to n
89871,42,n to n
89871,62,n to n
89879,41,n to n
89879,42,n to n
89879,62,n to n
8989,22,n to n
8989,61,n to n
89911,62,n to 1
89919,62,n to 1
89921,22,n to 1
89929,22,n to 1
89931,63,n to 1
89932,63,n to 1
89933,62,n to n
89933,63,n to n
89934,63,n to 1
89935,22,n to 1
89936,62,n to 1
89937,62,n to 1
89939,22,n to 1
89941,62,n to 1
89942,62,n to 1
89949,22,n to 1
89961,61,n to 1
89963,61,n to n
89963,62,n to n
89965,61,n to 1
89966,61,n to 1
89967,61,n to 1
89969,61,n to 1
89971,62,n to 1
89972,22,n to n
89972,63,n to n
89973,62,n to 1
89974,62,n to 1
89979,62,n to 1
89981,22,n to 1
89982,63,n to 1
89983,22,n to 1
89984,22,n to 1
89985,22,n to 1
89986,22,n to 1
89987,62,n to 1
89988,41,n to 1
89989,62,n to 1
89991,22,n to 1
89992,22,n to 1
89994,22,n to 1
89995,62,n to 1
89996,7,n to 1
89997,62,n to 1
9610,7,n to 1
97101,22,n to 1
97102,22,n to 1
97103,21,n to 1
